[2026-04-16 21:47:19] === LOGIN ATTEMPT START ===
[2026-04-16 21:47:19] POST data: Array
(
    [emailOrUsername] => admin@lookgoodframes.com
    [password] => 
)

[2026-04-16 21:47:19] Attempting login for: admin@lookgoodframes.com
[2026-04-16 21:47:19] Error: Empty password
[2026-04-16 21:47:19] === LOGIN ATTEMPT END ===

[2026-04-16 21:47:25] === LOGIN ATTEMPT START ===
[2026-04-16 21:47:25] POST data: Array
(
    [emailOrUsername] => admin@lookgoodframes.com
    [password] => admin123
)

[2026-04-16 21:47:25] Attempting login for: admin@lookgoodframes.com
[2026-04-16 21:47:25] Checking admin table...
[2026-04-16 21:47:25] Admin table columns: admin_id, admin_name, email, password, position, picture
[2026-04-16 21:47:25] Admin query with 2 parameters
[2026-04-16 21:47:25] Admin query result: No admin found
[2026-04-16 21:47:25] Checking users table...
[2026-04-16 21:47:25] User query rows found: 1
[2026-04-16 21:47:25] User found: admin@lookgoodframes.com, Role: admin
[2026-04-16 21:47:25] Password valid: NO
[2026-04-16 21:47:25] Error: Invalid password
[2026-04-16 21:47:25] === LOGIN ATTEMPT END ===

[2026-04-16 21:47:44] === LOGIN ATTEMPT START ===
[2026-04-16 21:47:44] POST data: Array
(
    [emailOrUsername] => head@lookgoodframes.com
    [password] => HeadAdmin@2026
    [remember] => on
)

[2026-04-16 21:47:44] Attempting login for: head@lookgoodframes.com
[2026-04-16 21:47:44] Checking admin table...
[2026-04-16 21:47:44] Admin table columns: admin_id, admin_name, email, password, position, picture
[2026-04-16 21:47:44] Admin query with 2 parameters
[2026-04-16 21:47:44] Admin query result: Found admin: head@lookgoodframes.com
[2026-04-16 21:47:44] Verifying admin password...
[2026-04-16 21:47:44] Password valid: NO
[2026-04-16 21:47:45] Checking users table...
[2026-04-16 21:47:45] User query rows found: 0
[2026-04-16 21:47:45] Error: No user account found
[2026-04-16 21:47:45] === LOGIN ATTEMPT END ===

[2026-04-16 21:47:46] === LOGIN ATTEMPT START ===
[2026-04-16 21:47:46] POST data: Array
(
    [emailOrUsername] => head@lookgoodframes.com
    [password] => 
)

[2026-04-16 21:47:46] Attempting login for: head@lookgoodframes.com
[2026-04-16 21:47:46] Error: Empty password
[2026-04-16 21:47:46] === LOGIN ATTEMPT END ===

[2026-04-16 21:51:47] === LOGIN ATTEMPT START ===
[2026-04-16 21:51:47] POST data: Array
(
    [emailOrUsername] => edrianhalili@gmail.com
    [password] => 111111
)

[2026-04-16 21:51:47] Attempting login for: edrianhalili@gmail.com
[2026-04-16 21:51:47] Checking admin table...
[2026-04-16 21:51:47] Admin table columns: admin_id, admin_name, email, password, position, picture
[2026-04-16 21:51:47] Admin query with 2 parameters
[2026-04-16 21:51:47] Admin query result: No admin found
[2026-04-16 21:51:47] Checking users table...
[2026-04-16 21:51:47] User query rows found: 1
[2026-04-16 21:51:47] User found: edrianhalili@gmail.com, Role: user
[2026-04-16 21:51:47] Password valid: YES
[2026-04-16 21:51:47] USER LOGIN SUCCESSFUL for: edrianhalili@gmail.com
[2026-04-16 21:51:47] Calling lg_switch_session_scope('user')
[2026-04-16 21:51:47] New session ID: i4aghkphj18nf92ha3viorphqt
[2026-04-16 21:51:47] Session data set: Array
(
    [__scope] => user
    [user_id] => 4
    [first_name] => Edrian
    [last_name] => Halili
    [email] => edrianhalili@gmail.com
    [role] => user
)

[2026-04-16 21:51:47] Redirecting to homepage
[2026-04-16 21:55:34] === LOGIN ATTEMPT START ===
[2026-04-16 21:55:34] POST data: Array
(
)

[2026-04-16 21:55:34] === LOGIN ATTEMPT END ===

[2026-04-16 21:55:51] === LOGIN ATTEMPT START ===
[2026-04-16 21:55:51] POST data: Array
(
    [emailOrUsername] => head@lookgoodframes.com
    [password] => HeadAdmin@2026
)

[2026-04-16 21:55:51] Attempting login for: head@lookgoodframes.com
[2026-04-16 21:55:51] Checking admin table...
[2026-04-16 21:55:51] Admin table columns: admin_id, admin_name, email, password, position, picture
[2026-04-16 21:55:51] Admin query with 2 parameters
[2026-04-16 21:55:51] Admin query result: Found admin: head@lookgoodframes.com
[2026-04-16 21:55:51] Verifying admin password...
[2026-04-16 21:55:51] Password valid: NO
[2026-04-16 21:55:52] Checking users table...
[2026-04-16 21:55:52] User query rows found: 0
[2026-04-16 21:55:52] Error: No user account found
[2026-04-16 21:55:52] === LOGIN ATTEMPT END ===

[2026-04-16 22:03:11] === LOGIN ATTEMPT START ===
[2026-04-16 22:03:11] POST data: Array
(
    [emailOrUsername] => head@lookgoodframes.com
    [password] => HeadAdmin@2026
)

[2026-04-16 22:03:11] Attempting login for: head@lookgoodframes.com
[2026-04-16 22:03:11] Checking admin table...
[2026-04-16 22:03:11] Admin table columns: admin_id, admin_name, email, password, position, picture
[2026-04-16 22:03:11] Admin query with 2 parameters
[2026-04-16 22:03:11] Admin query result: Found admin: head@lookgoodframes.com
[2026-04-16 22:03:11] Verifying admin password...
[2026-04-16 22:03:11] Password valid: NO
[2026-04-16 22:03:12] Checking users table...
[2026-04-16 22:03:12] User query rows found: 0
[2026-04-16 22:03:12] Error: No user account found
[2026-04-16 22:03:12] === LOGIN ATTEMPT END ===

[2026-04-16 22:03:20] === LOGIN ATTEMPT START ===
[2026-04-16 22:03:20] POST data: Array
(
    [emailOrUsername] => head@lookgoodframes.com
    [password] => HeadAdmin@2026
)

[2026-04-16 22:03:20] Attempting login for: head@lookgoodframes.com
[2026-04-16 22:03:20] Checking admin table...
[2026-04-16 22:03:20] Admin table columns: admin_id, admin_name, email, password, position, picture
[2026-04-16 22:03:20] Admin query with 2 parameters
[2026-04-16 22:03:20] Admin query result: Found admin: head@lookgoodframes.com
[2026-04-16 22:03:20] Verifying admin password...
[2026-04-16 22:03:20] Password valid: NO
[2026-04-16 22:03:21] Checking users table...
[2026-04-16 22:03:21] User query rows found: 0
[2026-04-16 22:03:21] Error: No user account found
[2026-04-16 22:03:21] === LOGIN ATTEMPT END ===

[2026-04-16 22:05:13] === LOGIN ATTEMPT START ===
[2026-04-16 22:05:13] POST data: Array
(
    [emailOrUsername] => head@lookgoodframes.com
    [password] => HeadAdmin@2026
)

[2026-04-16 22:05:13] Attempting login for: head@lookgoodframes.com
[2026-04-16 22:05:13] Checking admin table...
[2026-04-16 22:05:13] Admin table columns: admin_id, admin_name, email, password, position, picture
[2026-04-16 22:05:13] Admin query with 2 parameters
[2026-04-16 22:05:13] Admin query result: Found admin: head@lookgoodframes.com
[2026-04-16 22:05:13] Verifying admin password...
[2026-04-16 22:05:13] Password valid: NO
[2026-04-16 22:05:13] Checking users table...
[2026-04-16 22:05:13] User query rows found: 0
[2026-04-16 22:05:13] Error: No user account found
[2026-04-16 22:05:13] === LOGIN ATTEMPT END ===

[2026-04-16 22:08:53] === LOGIN ATTEMPT START ===
[2026-04-16 22:08:53] POST data: Array
(
    [emailOrUsername] => head@lookgoodframes.com
    [password] => HeadAdmin@2026
)

[2026-04-16 22:08:53] Attempting login for: head@lookgoodframes.com
[2026-04-16 22:08:53] Checking admin table...
[2026-04-16 22:08:53] Admin table columns: admin_id, admin_name, email, password, position, picture
[2026-04-16 22:08:53] Admin query with 2 parameters
[2026-04-16 22:08:53] Admin query result: Found admin: head@lookgoodframes.com
[2026-04-16 22:08:53] Verifying admin password...
[2026-04-16 22:08:53] Password valid: NO
[2026-04-16 22:08:53] Checking users table...
[2026-04-16 22:08:53] User query rows found: 0
[2026-04-16 22:08:53] Error: No user account found
[2026-04-16 22:08:53] === LOGIN ATTEMPT END ===

[2026-04-16 22:09:10] === LOGIN ATTEMPT START ===
[2026-04-16 22:09:10] POST data: Array
(
    [emailOrUsername] => head@lookgoodframes.com
    [password] => HeadAdmin@2026
)

[2026-04-16 22:09:10] Attempting login for: head@lookgoodframes.com
[2026-04-16 22:09:10] Checking admin table...
[2026-04-16 22:09:10] Admin table columns: admin_id, admin_name, email, password, position, picture
[2026-04-16 22:09:10] Admin query with 2 parameters
[2026-04-16 22:09:10] Admin query result: Found admin: head@lookgoodframes.com
[2026-04-16 22:09:10] Verifying admin password...
[2026-04-16 22:09:10] Password valid: NO
[2026-04-16 22:09:10] Checking users table...
[2026-04-16 22:09:10] User query rows found: 0
[2026-04-16 22:09:10] Error: No user account found
[2026-04-16 22:09:10] === LOGIN ATTEMPT END ===

[2026-04-16 22:19:36] === LOGIN ATTEMPT START ===
[2026-04-16 22:19:36] POST data: Array
(
    [emailOrUsername] => head@lookgoodframes.com
    [password] => HeadAdmin@2026
)

[2026-04-16 22:19:36] Attempting login for: head@lookgoodframes.com
[2026-04-16 22:19:36] Checking admin table...
[2026-04-16 22:19:36] Admin table columns: admin_id, admin_name, email, password, position, picture
[2026-04-16 22:19:36] Admin query with 2 parameters
[2026-04-16 22:19:36] Admin query result: Found admin: head@lookgoodframes.com
[2026-04-16 22:19:36] Verifying admin password...
[2026-04-16 22:19:36] Password valid: NO
[2026-04-16 22:19:37] Checking users table...
[2026-04-16 22:19:37] User query rows found: 0
[2026-04-16 22:19:37] Error: No user account found
[2026-04-16 22:19:37] === LOGIN ATTEMPT END ===

[2026-04-16 22:25:33] === LOGIN ATTEMPT START ===
[2026-04-16 22:25:33] POST data: Array
(
    [emailOrUsername] => head@lookgoodframes.com
    [password] => HeadAdmin@2026
)

[2026-04-16 22:25:33] Attempting login for: head@lookgoodframes.com
[2026-04-16 22:25:33] Checking admin table...
[2026-04-16 22:25:33] Admin table columns: admin_id, admin_name, email, password, position, picture
[2026-04-16 22:25:33] Admin query with 2 parameters
[2026-04-16 22:25:33] Admin query result: Found admin: head@lookgoodframes.com
[2026-04-16 22:25:33] Verifying admin password...
[2026-04-16 22:25:33] Password valid: NO
[2026-04-16 22:25:33] Checking users table...
[2026-04-16 22:25:33] User query rows found: 0
[2026-04-16 22:25:33] Error: No user account found
[2026-04-16 22:25:33] === LOGIN ATTEMPT END ===

[2026-04-16 22:25:42] === LOGIN ATTEMPT START ===
[2026-04-16 22:25:42] POST data: Array
(
    [emailOrUsername] => head@lookgoodframes.com
    [password] => HeadAdmin@2026
)

[2026-04-16 22:25:42] Attempting login for: head@lookgoodframes.com
[2026-04-16 22:25:42] Checking admin table...
[2026-04-16 22:25:42] Admin table columns: admin_id, admin_name, email, password, position, picture
[2026-04-16 22:25:42] Admin query with 2 parameters
[2026-04-16 22:25:42] Admin query result: Found admin: head@lookgoodframes.com
[2026-04-16 22:25:42] Verifying admin password...
[2026-04-16 22:25:43] Password valid: NO
[2026-04-16 22:25:43] Checking users table...
[2026-04-16 22:25:43] User query rows found: 0
[2026-04-16 22:25:43] Error: No user account found
[2026-04-16 22:25:43] === LOGIN ATTEMPT END ===

[2026-04-16 23:06:32] === LOGIN ATTEMPT START ===
[2026-04-16 23:06:32] POST data: Array
(
    [emailOrUsername] => head@lookgoodframes.com
    [password] => HeadAdmin@2026
)

[2026-04-16 23:06:32] Attempting login for: head@lookgoodframes.com
[2026-04-16 23:06:32] Checking admin table...
[2026-04-16 23:06:32] Admin table columns: admin_id, admin_name, email, password, position
[2026-04-16 23:06:32] Admin query with 2 parameters
[2026-04-16 23:06:32] Admin query result: Found admin: head@lookgoodframes.com
[2026-04-16 23:06:32] Verifying admin password...
[2026-04-16 23:06:32] Password valid: NO
[2026-04-16 23:06:32] Checking users table...
[2026-04-16 23:06:32] User query rows found: 0
[2026-04-16 23:06:32] Error: No user account found
[2026-04-16 23:06:32] === LOGIN ATTEMPT END ===

[2026-04-16 23:06:42] === LOGIN ATTEMPT START ===
[2026-04-16 23:06:42] POST data: Array
(
    [emailOrUsername] => head@lookgoodframes.com
    [password] => HeadAdmin@2026
)

[2026-04-16 23:06:42] Attempting login for: head@lookgoodframes.com
[2026-04-16 23:06:42] Checking admin table...
[2026-04-16 23:06:42] Admin table columns: admin_id, admin_name, email, password, position
[2026-04-16 23:06:42] Admin query with 2 parameters
[2026-04-16 23:06:42] Admin query result: Found admin: head@lookgoodframes.com
[2026-04-16 23:06:42] Verifying admin password...
[2026-04-16 23:06:43] Password valid: NO
[2026-04-16 23:06:43] Checking users table...
[2026-04-16 23:06:43] User query rows found: 0
[2026-04-16 23:06:43] Error: No user account found
[2026-04-16 23:06:43] === LOGIN ATTEMPT END ===

[2026-04-16 23:07:10] === LOGIN ATTEMPT START ===
[2026-04-16 23:07:10] POST data: Array
(
    [emailOrUsername] => head@lookgoodframes.com
    [password] => -- ============================================================ -- admin table + 3 seeded admins -- Matches screenshot schema: --   admin_id | admin_name | email | password | position -- ============================================================  CREATE TABLE IF NOT EXISTS `admin` (   `admin_id`   varchar(255) NOT NULL,   `admin_name` varchar(255) NOT NULL,   `email`      varchar(255) NOT NULL,   `password`   varchar(255) NOT NULL,   `position`   enum(                   'head',                   'inventory_orderAdmin',                   'message_feedbackAdmin'                ) NOT NULL DEFAULT 'inventory_orderAdmin',   PRIMARY KEY (`admin_id`),   UNIQUE KEY `uq_admin_email` (`email`) ) ENGINE=InnoDB DEFAULT CHARSET=utf8mb4 COLLATE=utf8mb4_general_ci;  -- ============================================================ -- Seed: 3 admins (one per role) -- Passwords are bcrypt hashes of the plaintext shown below. -- Change these before going to production! -- --   Head Admin          →  password: HeadAdmin@2026 --   Inventory Admin     →  password: InvAdmin@2026 --   Msg/Feedback Admin  →  password: MsgAdmin@2026 -- ============================================================  INSERT INTO `admin`   (`admin_id`, `admin_name`, `email`, `password`, `position`) VALUES   (     'ADM-HEAD-001',     'Head Admin',     'head@lookgoodframes.com',     -- bcrypt hash of: HeadAdmin@2026     '$2y$12$gZ3x1VqKwPmLt8RvNsYdO.T5rUqWjXbHcAeI2nK9oMpFsLdGeYuQi',     'head'   ),   (     'ADM-INV-001',     'Inventory Admin',     'inventory@lookgoodframes.com',     -- bcrypt hash of: InvAdmin@2026     '$2y$12$hA4y2WrLxQnMu9SvOtZeP.U6sTrXkYcIdBfJ3oL0pNqGtMeHfZvRj',     'inventory_orderAdmin'   ),   (     'ADM-MSG-001',     'Messages Admin',     'messages@lookgoodframes.com',     -- bcrypt hash of: MsgAdmin@2026     '$2y$12$iB5z3XsMyRoNv0TwPuAfQ.V7tUsYlZdJeCgK4pM1qOrHuNfIgAwSk',     'message_feedbackAdmin'   ) ON DUPLICATE KEY UPDATE   `admin_name` = VALUES(`admin_name`),   `email`      = VALUES(`email`),   `position`   = VALUES(`position`);
)

[2026-04-16 23:07:10] Attempting login for: head@lookgoodframes.com
[2026-04-16 23:07:10] Checking admin table...
[2026-04-16 23:07:10] Admin table columns: admin_id, admin_name, email, password, position
[2026-04-16 23:07:10] Admin query with 2 parameters
[2026-04-16 23:07:10] Admin query result: Found admin: head@lookgoodframes.com
[2026-04-16 23:07:10] Verifying admin password...
[2026-04-16 23:07:10] Password valid: NO
[2026-04-16 23:07:10] Checking users table...
[2026-04-16 23:07:10] User query rows found: 0
[2026-04-16 23:07:10] Error: No user account found
[2026-04-16 23:07:10] === LOGIN ATTEMPT END ===

[2026-04-16 23:07:41] === LOGIN ATTEMPT START ===
[2026-04-16 23:07:41] POST data: Array
(
    [emailOrUsername] => head@lookgoodframes.com
    [password] => $2y$12$gZ3x1VqKwPmLt8RvNsYdO.T5rUqWjXbHcAeI2nK9oMpFsLdGeYuQi
)

[2026-04-16 23:07:41] Attempting login for: head@lookgoodframes.com
[2026-04-16 23:07:41] Checking admin table...
[2026-04-16 23:07:41] Admin table columns: admin_id, admin_name, email, password, position
[2026-04-16 23:07:41] Admin query with 2 parameters
[2026-04-16 23:07:41] Admin query result: Found admin: head@lookgoodframes.com
[2026-04-16 23:07:41] Verifying admin password...
[2026-04-16 23:07:42] Password valid: NO
[2026-04-16 23:07:42] Checking users table...
[2026-04-16 23:07:42] User query rows found: 0
[2026-04-16 23:07:42] Error: No user account found
[2026-04-16 23:07:42] === LOGIN ATTEMPT END ===

[2026-04-16 23:08:39] === LOGIN ATTEMPT START ===
[2026-04-16 23:08:39] POST data: Array
(
    [emailOrUsername] => head@lookgoodframes.com
    [password] => HeadAdmin@2026
)

[2026-04-16 23:08:39] Attempting login for: head@lookgoodframes.com
[2026-04-16 23:08:39] Checking admin table...
[2026-04-16 23:08:39] Admin table columns: admin_id, admin_name, email, password, position
[2026-04-16 23:08:39] Admin query with 2 parameters
[2026-04-16 23:08:39] Admin query result: Found admin: head@lookgoodframes.com
[2026-04-16 23:08:39] Verifying admin password...
[2026-04-16 23:08:39] Password valid: NO
[2026-04-16 23:08:39] Checking users table...
[2026-04-16 23:08:39] User query rows found: 0
[2026-04-16 23:08:39] Error: No user account found
[2026-04-16 23:08:39] === LOGIN ATTEMPT END ===

[2026-04-16 23:12:50] === LOGIN ATTEMPT START ===
[2026-04-16 23:12:50] POST data: Array
(
    [emailOrUsername] => head@lookgoodframes.com
    [password] => HeadAdmin@2026
)

[2026-04-16 23:12:50] Attempting login for: head@lookgoodframes.com
[2026-04-16 23:12:50] Checking admin table...
[2026-04-16 23:12:50] Admin table columns: admin_id, admin_name, email, password, position
[2026-04-16 23:12:50] Admin query with 2 parameters
[2026-04-16 23:12:50] Admin query result: Found admin: head@lookgoodframes.com
[2026-04-16 23:12:50] Verifying admin password...
[2026-04-16 23:12:50] Password valid: NO
[2026-04-16 23:12:50] Checking users table...
[2026-04-16 23:12:50] User query rows found: 0
[2026-04-16 23:12:50] Error: No user account found
[2026-04-16 23:12:50] === LOGIN ATTEMPT END ===

[2026-04-16 23:12:53] === LOGIN ATTEMPT START ===
[2026-04-16 23:12:53] POST data: Array
(
    [emailOrUsername] => head@lookgoodframes.com
    [password] => HeadAdmin@2026
)

[2026-04-16 23:12:53] Attempting login for: head@lookgoodframes.com
[2026-04-16 23:12:53] Checking admin table...
[2026-04-16 23:12:53] Admin table columns: admin_id, admin_name, email, password, position
[2026-04-16 23:12:53] Admin query with 2 parameters
[2026-04-16 23:12:53] Admin query result: Found admin: head@lookgoodframes.com
[2026-04-16 23:12:53] Verifying admin password...
[2026-04-16 23:12:53] Password valid: NO
[2026-04-16 23:12:54] Checking users table...
[2026-04-16 23:12:54] User query rows found: 0
[2026-04-16 23:12:54] Error: No user account found
[2026-04-16 23:12:54] === LOGIN ATTEMPT END ===

[2026-04-16 23:14:34] === LOGIN ATTEMPT START ===
[2026-04-16 23:14:34] POST data: Array
(
    [emailOrUsername] => head@lookgoodframes.com
    [password] => HeadAdmin@2026
)

[2026-04-16 23:14:34] Attempting login for: head@lookgoodframes.com
[2026-04-16 23:14:34] Checking admin table...
[2026-04-16 23:14:34] Admin table columns: admin_id, admin_name, email, password, position
[2026-04-16 23:14:34] Admin query with 2 parameters
[2026-04-16 23:14:34] Admin query result: Found admin: head@lookgoodframes.com
[2026-04-16 23:14:34] Verifying admin password...
[2026-04-16 23:14:34] Password valid: NO
[2026-04-16 23:14:34] Checking users table...
[2026-04-16 23:14:34] User query rows found: 0
[2026-04-16 23:14:34] Error: No user account found
[2026-04-16 23:14:34] === LOGIN ATTEMPT END ===

[2026-04-16 23:14:43] === LOGIN ATTEMPT START ===
[2026-04-16 23:14:43] POST data: Array
(
    [emailOrUsername] => head@lookgoodframes.com
    [password] => HeadAdmin@2026
)

[2026-04-16 23:14:43] Attempting login for: head@lookgoodframes.com
[2026-04-16 23:14:43] Checking admin table...
[2026-04-16 23:14:43] Admin table columns: admin_id, admin_name, email, password, position
[2026-04-16 23:14:43] Admin query with 2 parameters
[2026-04-16 23:14:43] Admin query result: Found admin: head@lookgoodframes.com
[2026-04-16 23:14:43] Verifying admin password...
[2026-04-16 23:14:44] Password valid: NO
[2026-04-16 23:14:44] Checking users table...
[2026-04-16 23:14:44] User query rows found: 0
[2026-04-16 23:14:44] Error: No user account found
[2026-04-16 23:14:44] === LOGIN ATTEMPT END ===

[2026-04-16 23:16:15] === LOGIN ATTEMPT START ===
[2026-04-16 23:16:15] POST data: Array
(
    [emailOrUsername] => head@lookgoodframes.com
    [password] => HeadAdmin@2026
)

[2026-04-16 23:16:15] Attempting login for: head@lookgoodframes.com
[2026-04-16 23:16:15] Checking admin table...
[2026-04-16 23:16:15] Admin table columns: admin_id, admin_name, email, password, position
[2026-04-16 23:16:15] Admin query with 2 parameters
[2026-04-16 23:16:15] Admin query result: Found admin: head@lookgoodframes.com
[2026-04-16 23:16:15] Verifying admin password...
[2026-04-16 23:16:15] Password valid: NO
[2026-04-16 23:16:16] Checking users table...
[2026-04-16 23:16:16] User query rows found: 0
[2026-04-16 23:16:16] Error: No user account found
[2026-04-16 23:16:16] === LOGIN ATTEMPT END ===

[2026-04-19 21:16:10] === LOGIN ATTEMPT START ===
[2026-04-19 21:16:10] POST data: Array
(
)

[2026-04-19 21:16:10] === LOGIN ATTEMPT END ===

[2026-04-19 21:16:40] === LOGIN ATTEMPT START ===
[2026-04-19 21:16:40] POST data: Array
(
    [emailOrUsername] => head@lookgoodframes.com
    [password] => HeadAdmin@2026
)

[2026-04-19 21:16:40] Attempting login for: head@lookgoodframes.com
[2026-04-19 21:16:40] Checking admin table...
[2026-04-19 21:16:40] Admin table columns: admin_id, admin_name, email, password, position
[2026-04-19 21:16:40] Admin query with 2 parameters
[2026-04-19 21:16:40] Admin query result: Found admin: head@lookgoodframes.com
[2026-04-19 21:16:40] Verifying admin password...
[2026-04-19 21:16:40] Password valid: NO
[2026-04-19 21:16:40] Checking users table...
[2026-04-19 21:16:40] User query rows found: 0
[2026-04-19 21:16:40] Error: No user account found
[2026-04-19 21:16:40] === LOGIN ATTEMPT END ===

[2026-04-19 21:19:45] === LOGIN ATTEMPT START ===
[2026-04-19 21:19:45] POST data: Array
(
    [emailOrUsername] => head@lookgoodframes.com
    [password] => HeadAdmin@2026
)

[2026-04-19 21:19:45] Attempting login for: head@lookgoodframes.com
[2026-04-19 21:19:45] Checking admin table...
[2026-04-19 21:19:45] Admin query result: Found: head@lookgoodframes.com
[2026-04-19 21:19:45] Checking users table...
[2026-04-19 21:19:45] User query rows found: 0
[2026-04-19 21:19:45] Error: No user account found
[2026-04-19 21:19:45] === LOGIN ATTEMPT END ===

[2026-04-19 21:19:54] === LOGIN ATTEMPT START ===
[2026-04-19 21:19:54] POST data: Array
(
    [emailOrUsername] => head@lookgoodframes.com
    [password] => HeadAdmin@2026
)

[2026-04-19 21:19:54] Attempting login for: head@lookgoodframes.com
[2026-04-19 21:19:54] Checking admin table...
[2026-04-19 21:19:54] Admin query result: Found: head@lookgoodframes.com
[2026-04-19 21:19:55] Checking users table...
[2026-04-19 21:19:55] User query rows found: 0
[2026-04-19 21:19:55] Error: No user account found
[2026-04-19 21:19:55] === LOGIN ATTEMPT END ===

[2026-04-19 21:21:09] === LOGIN ATTEMPT START ===
[2026-04-19 21:21:09] POST data: Array
(
)

[2026-04-19 21:21:09] === LOGIN ATTEMPT END ===

[2026-04-19 21:31:13] === LOGIN ATTEMPT START ===
[2026-04-19 21:31:13] POST data: Array
(
)

[2026-04-19 21:31:13] === LOGIN ATTEMPT END ===

[2026-04-19 21:31:27] === LOGIN ATTEMPT START ===
[2026-04-19 21:31:27] POST data: Array
(
)

[2026-04-19 21:31:27] === LOGIN ATTEMPT END ===

[2026-04-19 21:31:43] === LOGIN ATTEMPT START ===
[2026-04-19 21:31:43] POST data: Array
(
    [emailOrUsername] => head@lookgoodframes.com
    [password] => HeadAdmin@2026
)

[2026-04-19 21:31:43] Attempting login for: head@lookgoodframes.com
[2026-04-19 21:31:43] Checking admin table...
[2026-04-19 21:31:43] Admin query result: Found: head@lookgoodframes.com
[2026-04-19 21:31:43] ADMIN LOGIN SUCCESSFUL for: head@lookgoodframes.com
[2026-04-19 21:31:43] lg_switch_session_scope('admin') called
[2026-04-19 21:31:43] New session ID: cgl6hjj44f3m6p9h0823jqq272
[2026-04-19 21:31:43] Session written. admin_id=ADM-HEAD-001 position=head
[2026-04-19 21:31:43] Redirecting to admin dashboard
[2026-04-19 21:35:45] === LOGIN ATTEMPT START ===
[2026-04-19 21:35:45] POST data: Array
(
)

[2026-04-19 21:35:45] === LOGIN ATTEMPT END ===

[2026-04-19 21:35:45] === LOGIN ATTEMPT START ===
[2026-04-19 21:35:45] POST data: Array
(
)

[2026-04-19 21:35:45] === LOGIN ATTEMPT END ===

[2026-04-19 21:35:47] === LOGIN ATTEMPT START ===
[2026-04-19 21:35:47] POST data: Array
(
)

[2026-04-19 21:35:47] === LOGIN ATTEMPT END ===

[2026-04-19 21:35:56] === LOGIN ATTEMPT START ===
[2026-04-19 21:35:56] POST data: Array
(
    [emailOrUsername] => head@lookgoodframes.com
    [password] => HeadAdmin@2026
)

[2026-04-19 21:35:56] Attempting login for: head@lookgoodframes.com
[2026-04-19 21:35:56] Checking admin table...
[2026-04-19 21:35:56] Admin query result: Found: head@lookgoodframes.com
[2026-04-19 21:35:56] ADMIN LOGIN SUCCESSFUL for: head@lookgoodframes.com
[2026-04-19 21:35:56] lg_switch_session_scope('admin') called
[2026-04-19 21:35:56] New session ID: ipn3o4tnejq12tk77ifrp3a6kt
[2026-04-19 21:35:56] Session written. admin_id=ADM-HEAD-001 position=head
[2026-04-19 21:35:56] Redirecting to admin dashboard
[2026-04-19 21:38:15] === LOGIN ATTEMPT START ===
[2026-04-19 21:38:15] POST data: Array
(
)

[2026-04-19 21:38:15] === LOGIN ATTEMPT END ===

[2026-04-19 21:38:33] === LOGIN ATTEMPT START ===
[2026-04-19 21:38:33] POST data: Array
(
    [emailOrUsername] => head@lookgoodframes.com
    [password] => HeadAdmin@2026
)

[2026-04-19 21:38:33] Attempting login for: head@lookgoodframes.com
[2026-04-19 21:38:33] Checking admin table...
[2026-04-19 21:38:33] Admin query result: Found: head@lookgoodframes.com
[2026-04-19 21:38:33] ADMIN LOGIN SUCCESSFUL for: head@lookgoodframes.com
[2026-04-19 21:38:33] lg_switch_session_scope('admin') called
[2026-04-19 21:38:33] New session ID: 337c4rfs31rjf4do8afgdj05l9
[2026-04-19 21:38:33] Session written. admin_id=ADM-HEAD-001 position=head
[2026-04-19 21:38:33] Redirecting to admin dashboard
[2026-04-19 21:39:04] === LOGIN ATTEMPT START ===
[2026-04-19 21:39:04] POST data: Array
(
)

[2026-04-19 21:39:04] === LOGIN ATTEMPT END ===

[2026-04-19 21:39:21] === LOGIN ATTEMPT START ===
[2026-04-19 21:39:21] POST data: Array
(
)

[2026-04-19 21:39:21] === LOGIN ATTEMPT END ===

[2026-04-19 21:47:22] === LOGIN ATTEMPT START ===
[2026-04-19 21:47:22] POST data: Array
(
    [emailOrUsername] => head@lookgoodframes.com
    [password] => HeadAdmin123
)

[2026-04-19 21:47:22] Attempting login for: head@lookgoodframes.com
[2026-04-19 21:47:22] Checking admin table...
[2026-04-19 21:47:22] Admin query result: Found: head@lookgoodframes.com
[2026-04-19 21:47:22] Checking users table...
[2026-04-19 21:47:22] User query rows found: 0
[2026-04-19 21:47:22] Error: No user account found
[2026-04-19 21:47:22] === LOGIN ATTEMPT END ===

[2026-04-19 21:47:34] === LOGIN ATTEMPT START ===
[2026-04-19 21:47:34] POST data: Array
(
    [emailOrUsername] => head@lookgoodframes.com
    [password] => HeadAdmin@2026
)

[2026-04-19 21:47:34] Attempting login for: head@lookgoodframes.com
[2026-04-19 21:47:34] Checking admin table...
[2026-04-19 21:47:34] Admin query result: Found: head@lookgoodframes.com
[2026-04-19 21:47:34] ADMIN LOGIN SUCCESSFUL for: head@lookgoodframes.com
[2026-04-19 21:47:34] lg_switch_session_scope('admin') called
[2026-04-19 21:47:34] New session ID: 6kadj1mjf2nkc1hqlbgn6ktaed
[2026-04-19 21:47:34] Session written. admin_id=ADM-HEAD-001 position=head
[2026-04-19 21:47:34] Redirecting to admin dashboard
[2026-04-19 21:57:02] === LOGIN ATTEMPT START ===
[2026-04-19 21:57:02] POST data: Array
(
)

[2026-04-19 21:57:02] === LOGIN ATTEMPT END ===

[2026-04-19 21:57:29] === LOGIN ATTEMPT START ===
[2026-04-19 21:57:29] POST data: Array
(
    [emailOrUsername] => inventory@lookgoodframes.com
    [password] => InvtAdmin@2026
)

[2026-04-19 21:57:29] Attempting login for: inventory@lookgoodframes.com
[2026-04-19 21:57:29] Checking admin table...
[2026-04-19 21:57:29] Admin query result: Found: inventory@lookgoodframes.com
[2026-04-19 21:57:30] Checking users table...
[2026-04-19 21:57:30] User query rows found: 0
[2026-04-19 21:57:30] Error: No user account found
[2026-04-19 21:57:30] === LOGIN ATTEMPT END ===

[2026-04-19 21:57:56] === LOGIN ATTEMPT START ===
[2026-04-19 21:57:56] POST data: Array
(
    [emailOrUsername] => inventory@lookgoodframes.com
    [password] => InvAdmin@2026
)

[2026-04-19 21:57:56] Attempting login for: inventory@lookgoodframes.com
[2026-04-19 21:57:56] Checking admin table...
[2026-04-19 21:57:56] Admin query result: Found: inventory@lookgoodframes.com
[2026-04-19 21:57:57] Checking users table...
[2026-04-19 21:57:57] User query rows found: 0
[2026-04-19 21:57:57] Error: No user account found
[2026-04-19 21:57:57] === LOGIN ATTEMPT END ===

[2026-04-19 21:58:09] === LOGIN ATTEMPT START ===
[2026-04-19 21:58:09] POST data: Array
(
)

[2026-04-19 21:58:09] === LOGIN ATTEMPT END ===

[2026-04-19 21:59:10] === LOGIN ATTEMPT START ===
[2026-04-19 21:59:10] POST data: Array
(
)

[2026-04-19 21:59:10] === LOGIN ATTEMPT END ===

[2026-04-19 21:59:17] === LOGIN ATTEMPT START ===
[2026-04-19 21:59:17] POST data: Array
(
)

[2026-04-19 21:59:17] === LOGIN ATTEMPT END ===

[2026-04-19 21:59:32] === LOGIN ATTEMPT START ===
[2026-04-19 21:59:32] POST data: Array
(
    [emailOrUsername] => inventory@lookgoodframes.com
    [password] => InvAdmin@2026
)

[2026-04-19 21:59:32] Attempting login for: inventory@lookgoodframes.com
[2026-04-19 21:59:32] Checking admin table...
[2026-04-19 21:59:32] Admin query result: Found: inventory@lookgoodframes.com
[2026-04-19 21:59:32] Checking users table...
[2026-04-19 21:59:32] User query rows found: 0
[2026-04-19 21:59:32] Error: No user account found
[2026-04-19 21:59:32] === LOGIN ATTEMPT END ===

[2026-04-19 22:00:30] === LOGIN ATTEMPT START ===
[2026-04-19 22:00:30] POST data: Array
(
)

[2026-04-19 22:00:30] === LOGIN ATTEMPT END ===

[2026-04-19 22:01:12] === LOGIN ATTEMPT START ===
[2026-04-19 22:01:12] POST data: Array
(
)

[2026-04-19 22:01:12] === LOGIN ATTEMPT END ===

[2026-04-19 22:01:54] === LOGIN ATTEMPT START ===
[2026-04-19 22:01:54] POST data: Array
(
    [emailOrUsername] => inventory@lookgoodframes.com
    [password] => InvAdmin@2026
)

[2026-04-19 22:01:54] Attempting login for: inventory@lookgoodframes.com
[2026-04-19 22:01:54] Checking admin table...
[2026-04-19 22:01:54] Admin query result: Found: inventory@lookgoodframes.com
[2026-04-19 22:01:54] ADMIN LOGIN SUCCESSFUL for: inventory@lookgoodframes.com
[2026-04-19 22:01:54] lg_switch_session_scope('admin') called
[2026-04-19 22:01:54] New session ID: 7nm4v3ciib3r8tuctm8f9d8sv8
[2026-04-19 22:01:54] Session written. admin_id=ADM-INV-001 position=inventory_orderAdmin
[2026-04-19 22:01:54] Redirecting to admin dashboard
[2026-04-19 22:03:14] === LOGIN ATTEMPT START ===
[2026-04-19 22:03:14] POST data: Array
(
)

[2026-04-19 22:03:14] === LOGIN ATTEMPT END ===

[2026-04-19 22:03:36] === LOGIN ATTEMPT START ===
[2026-04-19 22:03:36] POST data: Array
(
)

[2026-04-19 22:03:36] === LOGIN ATTEMPT END ===

[2026-04-19 22:05:02] === LOGIN ATTEMPT START ===
[2026-04-19 22:05:02] POST data: Array
(
    [emailOrUsername] => messageAdmin@lookgoodframes.com
    [password] => MsgAdmin2026
)

[2026-04-19 22:05:02] Attempting login for: messageAdmin@lookgoodframes.com
[2026-04-19 22:05:02] Checking admin table...
[2026-04-19 22:05:02] Admin query result: Not found
[2026-04-19 22:05:02] Checking users table...
[2026-04-19 22:05:02] User query rows found: 0
[2026-04-19 22:05:02] Error: No user account found
[2026-04-19 22:05:02] === LOGIN ATTEMPT END ===

[2026-04-19 22:05:29] === LOGIN ATTEMPT START ===
[2026-04-19 22:05:29] POST data: Array
(
    [emailOrUsername] => message@lookgoodframes.com
    [password] => MsgAdmin@2026
)

[2026-04-19 22:05:29] Attempting login for: message@lookgoodframes.com
[2026-04-19 22:05:29] Checking admin table...
[2026-04-19 22:05:29] Admin query result: Not found
[2026-04-19 22:05:29] Checking users table...
[2026-04-19 22:05:29] User query rows found: 0
[2026-04-19 22:05:29] Error: No user account found
[2026-04-19 22:05:29] === LOGIN ATTEMPT END ===

[2026-04-20 03:33:08] === LOGIN ATTEMPT START ===
[2026-04-20 03:33:08] POST data: Array
(
)

[2026-04-20 03:33:08] === LOGIN ATTEMPT END ===

[2026-04-20 03:33:23] === LOGIN ATTEMPT START ===
[2026-04-20 03:33:23] POST data: Array
(
    [emailOrUsername] => head@lookgoodframes.com
    [password] => HeadAdmin@2026
)

[2026-04-20 03:33:23] Attempting login for: head@lookgoodframes.com
[2026-04-20 03:33:23] Checking admin table...
[2026-04-20 03:33:23] Admin query result: Found: head@lookgoodframes.com
[2026-04-20 03:33:24] ADMIN LOGIN SUCCESSFUL for: head@lookgoodframes.com
[2026-04-20 03:33:24] lg_switch_session_scope('admin') called
[2026-04-20 03:33:24] New session ID: 5hhmu71fp3phie0kmhca8ne39j
[2026-04-20 03:33:24] Session written. admin_id=ADM-HEAD-001 position=head
[2026-04-20 03:33:24] Redirecting to admin dashboard
[2026-04-20 03:33:40] === LOGIN ATTEMPT START ===
[2026-04-20 03:33:40] POST data: Array
(
)

[2026-04-20 03:33:40] === LOGIN ATTEMPT END ===

[2026-04-20 03:53:52] === LOGIN ATTEMPT START ===
[2026-04-20 03:53:52] POST data: Array
(
    [emailOrUsername] => edrianhalili@gmail.com
    [password] => 111111
)

[2026-04-20 03:53:52] Attempting login for: edrianhalili@gmail.com
[2026-04-20 03:53:52] Checking admin table...
[2026-04-20 03:53:52] Admin query result: Not found
[2026-04-20 03:53:52] Checking users table...
[2026-04-20 03:53:52] User query rows found: 1
[2026-04-20 03:53:52] User found: edrianhalili@gmail.com, Role: user
[2026-04-20 03:53:52] USER LOGIN SUCCESSFUL for: edrianhalili@gmail.com
[2026-04-20 03:53:52] lg_switch_session_scope('user') called
[2026-04-20 03:53:52] New session ID: dc5jl0q7c51h77m9l18njbpt7g
[2026-04-20 03:53:52] Redirecting to homepage
[2026-04-20 04:07:04] === LOGIN ATTEMPT START ===
[2026-04-20 04:07:04] POST data: Array
(
)

[2026-04-20 04:07:04] === LOGIN ATTEMPT END ===

[2026-04-20 04:07:08] === LOGIN ATTEMPT START ===
[2026-04-20 04:07:08] POST data: Array
(
    [emailOrUsername] => edrianhalili@gmail.com
    [password] => 111111
)

[2026-04-20 04:07:08] Attempting login for: edrianhalili@gmail.com
[2026-04-20 04:07:08] Checking admin table...
[2026-04-20 04:07:08] Admin query result: Not found
[2026-04-20 04:07:08] Checking users table...
[2026-04-20 04:07:08] User query rows found: 1
[2026-04-20 04:07:08] User found: edrianhalili@gmail.com, Role: user
[2026-04-20 04:07:08] USER LOGIN SUCCESSFUL for: edrianhalili@gmail.com
[2026-04-20 04:07:08] lg_switch_session_scope('user') called
[2026-04-20 04:07:08] New session ID: kiphgiai0tg73tode92p8lqv34
[2026-04-20 04:07:08] Redirecting to homepage
[2026-04-20 04:08:05] === LOGIN ATTEMPT START ===
[2026-04-20 04:08:05] POST data: Array
(
)

[2026-04-20 04:08:05] === LOGIN ATTEMPT END ===

[2026-04-20 04:08:09] === LOGIN ATTEMPT START ===
[2026-04-20 04:08:09] POST data: Array
(
    [emailOrUsername] => edrianhalili@gmail.com
    [password] => 111111
)

[2026-04-20 04:08:09] Attempting login for: edrianhalili@gmail.com
[2026-04-20 04:08:09] Checking admin table...
[2026-04-20 04:08:09] Admin query result: Not found
[2026-04-20 04:08:09] Checking users table...
[2026-04-20 04:08:09] User query rows found: 1
[2026-04-20 04:08:09] User found: edrianhalili@gmail.com, Role: user
[2026-04-20 04:08:09] USER LOGIN SUCCESSFUL for: edrianhalili@gmail.com
[2026-04-20 04:08:09] lg_switch_session_scope('user') called
[2026-04-20 04:08:09] New session ID: eh75fg8aqc8l13im3q5orfhoec
[2026-04-20 04:08:09] Redirecting to homepage
[2026-04-20 04:10:27] === LOGIN ATTEMPT START ===
[2026-04-20 04:10:27] POST data: Array
(
)

[2026-04-20 04:10:27] === LOGIN ATTEMPT END ===

[2026-04-20 04:10:37] === LOGIN ATTEMPT START ===
[2026-04-20 04:10:37] POST data: Array
(
    [emailOrUsername] => inventory@lookgoodframes.com
    [password] => InvAdmin@2026
)

[2026-04-20 04:10:37] Attempting login for: inventory@lookgoodframes.com
[2026-04-20 04:10:37] Checking admin table...
[2026-04-20 04:10:37] Admin query result: Found: inventory@lookgoodframes.com
[2026-04-20 04:10:37] ADMIN LOGIN SUCCESSFUL for: inventory@lookgoodframes.com
[2026-04-20 04:10:37] lg_switch_session_scope('admin') called
[2026-04-20 04:10:37] New session ID: mc8nv89td3pg324dtgp1cv0pg2
[2026-04-20 04:10:37] Session written. admin_id=ADM-INV-001 position=inventory_orderAdmin
[2026-04-20 04:10:37] Redirecting to admin dashboard
[2026-04-20 04:10:46] === LOGIN ATTEMPT START ===
[2026-04-20 04:10:46] POST data: Array
(
)

[2026-04-20 04:10:46] === LOGIN ATTEMPT END ===

[2026-04-20 04:13:15] === LOGIN ATTEMPT START ===
[2026-04-20 04:13:15] POST data: Array
(
    [emailOrUsername] => message@lookgoodframes.com
    [password] => MsgAdmin@2026
)

[2026-04-20 04:13:15] Attempting login for: message@lookgoodframes.com
[2026-04-20 04:13:15] Checking admin table...
[2026-04-20 04:13:15] Admin query result: Not found
[2026-04-20 04:13:15] Checking users table...
[2026-04-20 04:13:15] User query rows found: 0
[2026-04-20 04:13:15] Error: No user account found
[2026-04-20 04:13:15] === LOGIN ATTEMPT END ===

[2026-04-20 04:17:46] === LOGIN ATTEMPT START ===
[2026-04-20 04:17:46] POST data: Array
(
)

[2026-04-20 04:17:46] === LOGIN ATTEMPT END ===

[2026-04-20 04:17:56] === LOGIN ATTEMPT START ===
[2026-04-20 04:17:56] POST data: Array
(
    [emailOrUsername] => message@lookgoodframes.com
    [password] => MsgAdmin@2026
)

[2026-04-20 04:17:56] Attempting login for: message@lookgoodframes.com
[2026-04-20 04:17:56] Checking admin table...
[2026-04-20 04:17:56] Admin query result: Not found
[2026-04-20 04:17:56] Checking users table...
[2026-04-20 04:17:56] User query rows found: 0
[2026-04-20 04:17:56] Error: No user account found
[2026-04-20 04:17:56] === LOGIN ATTEMPT END ===

[2026-04-20 04:18:01] === LOGIN ATTEMPT START ===
[2026-04-20 04:18:01] POST data: Array
(
)

[2026-04-20 04:18:01] === LOGIN ATTEMPT END ===

[2026-04-20 04:49:19] === LOGIN ATTEMPT START ===
[2026-04-20 04:49:19] POST data: Array
(
    [emailOrUsername] => messages@lookgoodframes.com
    [password] => MsgAdmin@2026
    [remember] => on
)

[2026-04-20 04:49:19] Attempting login for: messages@lookgoodframes.com
[2026-04-20 04:49:19] Checking admin table...
[2026-04-20 04:49:19] Admin query result: Found: messages@lookgoodframes.com
[2026-04-20 04:49:19] ADMIN LOGIN SUCCESSFUL for: messages@lookgoodframes.com
[2026-04-20 04:49:19] lg_switch_session_scope('admin') called
[2026-04-20 04:49:19] New session ID: ka849vldhtc1q1uaqtj1emv8ah
[2026-04-20 04:49:19] Session written. admin_id=ADM-MSG-001 position=message_feedbackAdmin
[2026-04-20 04:49:19] Redirecting to admin dashboard
[2026-04-20 04:49:35] === LOGIN ATTEMPT START ===
[2026-04-20 04:49:35] POST data: Array
(
)

[2026-04-20 04:49:35] === LOGIN ATTEMPT END ===

[2026-04-20 04:49:40] === LOGIN ATTEMPT START ===
[2026-04-20 04:49:40] POST data: Array
(
    [emailOrUsername] => edrianhalili@gmail.com
    [password] => 111111
)

[2026-04-20 04:49:40] Attempting login for: edrianhalili@gmail.com
[2026-04-20 04:49:40] Checking admin table...
[2026-04-20 04:49:40] Admin query result: Not found
[2026-04-20 04:49:40] Checking users table...
[2026-04-20 04:49:40] User query rows found: 1
[2026-04-20 04:49:40] User found: edrianhalili@gmail.com, Role: user
[2026-04-20 04:49:40] USER LOGIN SUCCESSFUL for: edrianhalili@gmail.com
[2026-04-20 04:49:40] lg_switch_session_scope('user') called
[2026-04-20 04:49:40] New session ID: faljoer5ufiotaa1p26dkstail
[2026-04-20 04:49:40] Redirecting to homepage
[2026-04-20 04:54:01] === LOGIN ATTEMPT START ===
[2026-04-20 04:54:01] POST data: Array
(
)

[2026-04-20 04:54:01] === LOGIN ATTEMPT END ===

[2026-04-20 04:54:18] === LOGIN ATTEMPT START ===
[2026-04-20 04:54:18] POST data: Array
(
    [emailOrUsername] => head@lookgoodframes.com
    [password] => HeadAdmin@2026
)

[2026-04-20 04:54:18] Attempting login for: head@lookgoodframes.com
[2026-04-20 04:54:18] Checking admin table...
[2026-04-20 04:54:18] Admin query result: Found: head@lookgoodframes.com
[2026-04-20 04:54:18] ADMIN LOGIN SUCCESSFUL for: head@lookgoodframes.com
[2026-04-20 04:54:18] lg_switch_session_scope('admin') called
[2026-04-20 04:54:18] New session ID: fleifg8efa408hvt747dso7379
[2026-04-20 04:54:18] Session written. admin_id=ADM-HEAD-001 position=head
[2026-04-20 04:54:18] Redirecting to admin dashboard
[2026-04-20 04:59:54] === LOGIN ATTEMPT START ===
[2026-04-20 04:59:54] POST data: Array
(
)

[2026-04-20 04:59:54] === LOGIN ATTEMPT END ===

[2026-04-20 04:59:59] === LOGIN ATTEMPT START ===
[2026-04-20 04:59:59] POST data: Array
(
    [emailOrUsername] => edrianhalili@gmail.com
    [password] => 111111
)

[2026-04-20 04:59:59] Attempting login for: edrianhalili@gmail.com
[2026-04-20 04:59:59] Checking admin table...
[2026-04-20 04:59:59] Admin query result: Not found
[2026-04-20 04:59:59] Checking users table...
[2026-04-20 04:59:59] User query rows found: 1
[2026-04-20 04:59:59] User found: edrianhalili@gmail.com, Role: user
[2026-04-20 04:59:59] USER LOGIN SUCCESSFUL for: edrianhalili@gmail.com
[2026-04-20 04:59:59] lg_switch_session_scope('user') called
[2026-04-20 04:59:59] New session ID: 91shlu6cdnvf3s1rnrieu9eubo
[2026-04-20 04:59:59] Redirecting to homepage
[2026-04-20 05:32:07] === LOGIN ATTEMPT START ===
[2026-04-20 05:32:07] POST data: Array
(
)

[2026-04-20 05:32:07] === LOGIN ATTEMPT END ===

[2026-04-20 05:32:17] === LOGIN ATTEMPT START ===
[2026-04-20 05:32:17] POST data: Array
(
    [emailOrUsername] => head@lookgoodframes.com
    [password] => HeadAdmin@2026
)

[2026-04-20 05:32:17] Attempting login for: head@lookgoodframes.com
[2026-04-20 05:32:17] Checking admin table...
[2026-04-20 05:32:17] Admin query result: Found: head@lookgoodframes.com
[2026-04-20 05:32:17] ADMIN LOGIN SUCCESSFUL for: head@lookgoodframes.com
[2026-04-20 05:32:17] lg_switch_session_scope('admin') called
[2026-04-20 05:32:17] New session ID: mj80p8o0q02o3d28e9n0g7iegk
[2026-04-20 05:32:17] Session written. admin_id=ADM-HEAD-001 position=head
[2026-04-20 05:32:17] Redirecting to admin dashboard
[2026-04-20 05:34:01] === LOGIN ATTEMPT START ===
[2026-04-20 05:34:01] POST data: Array
(
)

[2026-04-20 05:34:01] === LOGIN ATTEMPT END ===

[2026-04-20 05:34:14] === LOGIN ATTEMPT START ===
[2026-04-20 05:34:14] POST data: Array
(
    [emailOrUsername] => messages@lookgoodframes.com
    [password] => MsgAdmin@2026
)

[2026-04-20 05:34:14] Attempting login for: messages@lookgoodframes.com
[2026-04-20 05:34:14] Checking admin table...
[2026-04-20 05:34:14] Admin query result: Found: messages@lookgoodframes.com
[2026-04-20 05:34:14] ADMIN LOGIN SUCCESSFUL for: messages@lookgoodframes.com
[2026-04-20 05:34:14] lg_switch_session_scope('admin') called
[2026-04-20 05:34:14] New session ID: rf304t34gr7d46q5saj11am80u
[2026-04-20 05:34:14] Session written. admin_id=ADM-MSG-001 position=message_feedbackAdmin
[2026-04-20 05:34:14] Redirecting to admin dashboard
[2026-04-20 05:35:18] === LOGIN ATTEMPT START ===
[2026-04-20 05:35:18] POST data: Array
(
)

[2026-04-20 05:35:18] === LOGIN ATTEMPT END ===

[2026-04-20 05:35:31] === LOGIN ATTEMPT START ===
[2026-04-20 05:35:31] POST data: Array
(
    [emailOrUsername] => inventory@lookgoodframes.com
    [password] => InvAdmin@2026
)

[2026-04-20 05:35:31] Attempting login for: inventory@lookgoodframes.com
[2026-04-20 05:35:31] Checking admin table...
[2026-04-20 05:35:31] Admin query result: Found: inventory@lookgoodframes.com
[2026-04-20 05:35:31] ADMIN LOGIN SUCCESSFUL for: inventory@lookgoodframes.com
[2026-04-20 05:35:31] lg_switch_session_scope('admin') called
[2026-04-20 05:35:31] New session ID: i18v2nmpbmkmb3kf6jske481ic
[2026-04-20 05:35:31] Session written. admin_id=ADM-INV-001 position=inventory_orderAdmin
[2026-04-20 05:35:31] Redirecting to admin dashboard
[2026-04-20 05:37:32] === LOGIN ATTEMPT START ===
[2026-04-20 05:37:32] POST data: Array
(
)

[2026-04-20 05:37:32] === LOGIN ATTEMPT END ===

[2026-04-20 06:56:55] === LOGIN ATTEMPT START ===
[2026-04-20 06:56:55] POST data: Array
(
    [emailOrUsername] => head@lookgoodframes.com
    [password] => HeadAdmin@2026
)

[2026-04-20 06:56:55] Attempting login for: head@lookgoodframes.com
[2026-04-20 06:56:55] Checking admin table...
[2026-04-20 06:56:55] Admin query result: Found: head@lookgoodframes.com
[2026-04-20 06:56:55] ADMIN LOGIN SUCCESSFUL for: head@lookgoodframes.com
[2026-04-20 06:56:55] lg_switch_session_scope('admin') called
[2026-04-20 06:56:55] New session ID: j6c0fgircgmlrhbvbrc71imh3d
[2026-04-20 06:56:55] Session written. admin_id=ADM-HEAD-001 position=head
[2026-04-20 06:56:55] Redirecting to admin dashboard
[2026-04-20 06:57:03] === LOGIN ATTEMPT START ===
[2026-04-20 06:57:03] POST data: Array
(
)

[2026-04-20 06:57:03] === LOGIN ATTEMPT END ===

[2026-04-20 06:57:16] === LOGIN ATTEMPT START ===
[2026-04-20 06:57:16] POST data: Array
(
    [emailOrUsername] => inventory@lookgoodframes.com
    [password] => InvAdmin@2026
)

[2026-04-20 06:57:16] Attempting login for: inventory@lookgoodframes.com
[2026-04-20 06:57:16] Checking admin table...
[2026-04-20 06:57:16] Admin query result: Found: inventory@lookgoodframes.com
[2026-04-20 06:57:16] ADMIN LOGIN SUCCESSFUL for: inventory@lookgoodframes.com
[2026-04-20 06:57:16] lg_switch_session_scope('admin') called
[2026-04-20 06:57:16] New session ID: h5t9d8ji8f5j83v0k88i9hr8vu
[2026-04-20 06:57:16] Session written. admin_id=ADM-INV-001 position=inventory_orderAdmin
[2026-04-20 06:57:16] Redirecting to admin dashboard
[2026-04-20 06:57:37] === LOGIN ATTEMPT START ===
[2026-04-20 06:57:37] POST data: Array
(
)

[2026-04-20 06:57:37] === LOGIN ATTEMPT END ===

[2026-04-20 06:57:53] === LOGIN ATTEMPT START ===
[2026-04-20 06:57:53] POST data: Array
(
    [emailOrUsername] => messages@lookgoodframes.com
    [password] => MsgAdmin@2026
)

[2026-04-20 06:57:53] Attempting login for: messages@lookgoodframes.com
[2026-04-20 06:57:53] Checking admin table...
[2026-04-20 06:57:53] Admin query result: Found: messages@lookgoodframes.com
[2026-04-20 06:57:53] ADMIN LOGIN SUCCESSFUL for: messages@lookgoodframes.com
[2026-04-20 06:57:53] lg_switch_session_scope('admin') called
[2026-04-20 06:57:53] New session ID: 8l4gqktbo49di2q90icnpm63de
[2026-04-20 06:57:53] Session written. admin_id=ADM-MSG-001 position=message_feedbackAdmin
[2026-04-20 06:57:53] Redirecting to admin dashboard
[2026-04-20 06:58:21] === LOGIN ATTEMPT START ===
[2026-04-20 06:58:21] POST data: Array
(
)

[2026-04-20 06:58:21] === LOGIN ATTEMPT END ===

[2026-04-20 06:58:40] === LOGIN ATTEMPT START ===
[2026-04-20 06:58:40] POST data: Array
(
    [emailOrUsername] => head@lookgoodframes.com
    [password] => HeadAdmin@2026
)

[2026-04-20 06:58:40] Attempting login for: head@lookgoodframes.com
[2026-04-20 06:58:40] Checking admin table...
[2026-04-20 06:58:40] Admin query result: Found: head@lookgoodframes.com
[2026-04-20 06:58:40] ADMIN LOGIN SUCCESSFUL for: head@lookgoodframes.com
[2026-04-20 06:58:40] lg_switch_session_scope('admin') called
[2026-04-20 06:58:40] New session ID: fbn4iiq3omg0686o8lk3ijl3dh
[2026-04-20 06:58:40] Session written. admin_id=ADM-HEAD-001 position=head
[2026-04-20 06:58:40] Redirecting to admin dashboard
[2026-04-20 06:59:46] === LOGIN ATTEMPT START ===
[2026-04-20 06:59:46] POST data: Array
(
)

[2026-04-20 06:59:46] === LOGIN ATTEMPT END ===

[2026-04-20 06:59:51] === LOGIN ATTEMPT START ===
[2026-04-20 06:59:51] POST data: Array
(
    [emailOrUsername] => edrianhalili@gmail.com
    [password] => 111111
)

[2026-04-20 06:59:51] Attempting login for: edrianhalili@gmail.com
[2026-04-20 06:59:51] Checking admin table...
[2026-04-20 06:59:51] Admin query result: Not found
[2026-04-20 06:59:51] Checking users table...
[2026-04-20 06:59:51] User query rows found: 1
[2026-04-20 06:59:51] User found: edrianhalili@gmail.com, Role: user
[2026-04-20 06:59:51] USER LOGIN SUCCESSFUL for: edrianhalili@gmail.com
[2026-04-20 06:59:51] lg_switch_session_scope('user') called
[2026-04-20 06:59:51] New session ID: 4bo180qngog8kg3ibe583li6rg
[2026-04-20 06:59:51] Redirecting to homepage
[2026-04-20 07:20:22] === LOGIN ATTEMPT START ===
[2026-04-20 07:20:22] POST data: Array
(
)

[2026-04-20 07:20:22] === LOGIN ATTEMPT END ===

[2026-04-20 07:20:32] === LOGIN ATTEMPT START ===
[2026-04-20 07:20:32] POST data: Array
(
    [emailOrUsername] => head@lookgoodframes.com
    [password] => HeadAdmin@2026
)

[2026-04-20 07:20:32] Attempting login for: head@lookgoodframes.com
[2026-04-20 07:20:32] Checking admin table...
[2026-04-20 07:20:32] Admin query result: Found: head@lookgoodframes.com
[2026-04-20 07:20:32] ADMIN LOGIN SUCCESSFUL for: head@lookgoodframes.com
[2026-04-20 07:20:32] lg_switch_session_scope('admin') called
[2026-04-20 07:20:32] New session ID: jnu9hfggj59hl9es7rja3rftgv
[2026-04-20 07:20:32] Session written. admin_id=ADM-HEAD-001 position=head
[2026-04-20 07:20:32] Redirecting to admin dashboard
[2026-04-20 07:27:01] === LOGIN ATTEMPT START ===
[2026-04-20 07:27:01] POST data: Array
(
)

[2026-04-20 07:27:01] === LOGIN ATTEMPT END ===

[2026-04-20 07:27:06] === LOGIN ATTEMPT START ===
[2026-04-20 07:27:06] POST data: Array
(
    [emailOrUsername] => edrianhalili@gmail.com
    [password] => 111111
)

[2026-04-20 07:27:06] Attempting login for: edrianhalili@gmail.com
[2026-04-20 07:27:06] Checking admin table...
[2026-04-20 07:27:06] Admin query result: Not found
[2026-04-20 07:27:06] Checking users table...
[2026-04-20 07:27:06] User query rows found: 1
[2026-04-20 07:27:06] User found: edrianhalili@gmail.com, Role: user
[2026-04-20 07:27:06] USER LOGIN SUCCESSFUL for: edrianhalili@gmail.com
[2026-04-20 07:27:06] lg_switch_session_scope('user') called
[2026-04-20 07:27:06] New session ID: s40t7jc1ga55jj3oo7rgm6renj
[2026-04-20 07:27:06] Redirecting to homepage
[2026-04-20 07:27:20] === LOGIN ATTEMPT START ===
[2026-04-20 07:27:20] POST data: Array
(
)

[2026-04-20 07:27:20] === LOGIN ATTEMPT END ===

[2026-04-20 07:27:44] === LOGIN ATTEMPT START ===
[2026-04-20 07:27:44] POST data: Array
(
    [emailOrUsername] => head@lookgoodframes.com
    [password] => HeadAdmin@2026
)

[2026-04-20 07:27:44] Attempting login for: head@lookgoodframes.com
[2026-04-20 07:27:44] Checking admin table...
[2026-04-20 07:27:44] Admin query result: Found: head@lookgoodframes.com
[2026-04-20 07:27:44] ADMIN LOGIN SUCCESSFUL for: head@lookgoodframes.com
[2026-04-20 07:27:44] lg_switch_session_scope('admin') called
[2026-04-20 07:27:44] New session ID: 4j4cjb3fvj09q1gafr6q9uibf4
[2026-04-20 07:27:44] Session written. admin_id=ADM-HEAD-001 position=head
[2026-04-20 07:27:44] Redirecting to admin dashboard
[2026-04-20 07:28:08] === LOGIN ATTEMPT START ===
[2026-04-20 07:28:08] POST data: Array
(
)

[2026-04-20 07:28:08] === LOGIN ATTEMPT END ===

[2026-04-20 07:28:12] === LOGIN ATTEMPT START ===
[2026-04-20 07:28:12] POST data: Array
(
    [emailOrUsername] => edrianhalili@gmail.com
    [password] => 111111
)

[2026-04-20 07:28:12] Attempting login for: edrianhalili@gmail.com
[2026-04-20 07:28:12] Checking admin table...
[2026-04-20 07:28:12] Admin query result: Not found
[2026-04-20 07:28:12] Checking users table...
[2026-04-20 07:28:12] User query rows found: 1
[2026-04-20 07:28:12] User found: edrianhalili@gmail.com, Role: user
[2026-04-20 07:28:12] USER LOGIN SUCCESSFUL for: edrianhalili@gmail.com
[2026-04-20 07:28:12] lg_switch_session_scope('user') called
[2026-04-20 07:28:12] New session ID: 7jcvpebhofkttm4kur2dub8rv8
[2026-04-20 07:28:12] Redirecting to homepage
[2026-04-20 07:28:26] === LOGIN ATTEMPT START ===
[2026-04-20 07:28:26] POST data: Array
(
)

[2026-04-20 07:28:26] === LOGIN ATTEMPT END ===

[2026-04-20 07:28:49] === LOGIN ATTEMPT START ===
[2026-04-20 07:28:49] POST data: Array
(
    [emailOrUsername] => head@lookgoodframes.com
    [password] => HeadAdmin@2026
)

[2026-04-20 07:28:49] Attempting login for: head@lookgoodframes.com
[2026-04-20 07:28:49] Checking admin table...
[2026-04-20 07:28:49] Admin query result: Found: head@lookgoodframes.com
[2026-04-20 07:28:49] ADMIN LOGIN SUCCESSFUL for: head@lookgoodframes.com
[2026-04-20 07:28:49] lg_switch_session_scope('admin') called
[2026-04-20 07:28:49] New session ID: 35apiu48hhjp0vc6k86frcgn0t
[2026-04-20 07:28:49] Session written. admin_id=ADM-HEAD-001 position=head
[2026-04-20 07:28:49] Redirecting to admin dashboard
[2026-04-20 07:28:57] === LOGIN ATTEMPT START ===
[2026-04-20 07:28:57] POST data: Array
(
)

[2026-04-20 07:28:57] === LOGIN ATTEMPT END ===

[2026-04-20 07:33:49] === LOGIN ATTEMPT START ===
[2026-04-20 07:33:49] POST data: Array
(
    [emailOrUsername] => edrianhalili@gmail.com
    [password] => 111111
)

[2026-04-20 07:33:49] Attempting login for: edrianhalili@gmail.com
[2026-04-20 07:33:49] Checking admin table...
[2026-04-20 07:33:49] Admin query result: Not found
[2026-04-20 07:33:49] Checking users table...
[2026-04-20 07:33:49] User query rows found: 1
[2026-04-20 07:33:49] User found: edrianhalili@gmail.com, Role: user
[2026-04-20 07:33:49] USER LOGIN SUCCESSFUL for: edrianhalili@gmail.com
[2026-04-20 07:33:49] lg_switch_session_scope('user') called
[2026-04-20 07:33:49] New session ID: 35t5slemlmdg949hae8omiu97e
[2026-04-20 07:33:49] Redirecting to homepage
[2026-04-20 07:36:56] === LOGIN ATTEMPT START ===
[2026-04-20 07:36:56] POST data: Array
(
)

[2026-04-20 07:36:56] === LOGIN ATTEMPT END ===

[2026-04-20 07:37:05] === LOGIN ATTEMPT START ===
[2026-04-20 07:37:05] POST data: Array
(
    [emailOrUsername] => edrianhalili@gmail.com
    [password] => 111111
)

[2026-04-20 07:37:05] Attempting login for: edrianhalili@gmail.com
[2026-04-20 07:37:05] Checking admin table...
[2026-04-20 07:37:05] Admin query result: Not found
[2026-04-20 07:37:05] Checking users table...
[2026-04-20 07:37:05] User query rows found: 1
[2026-04-20 07:37:05] User found: edrianhalili@gmail.com, Role: user
[2026-04-20 07:37:05] USER LOGIN SUCCESSFUL for: edrianhalili@gmail.com
[2026-04-20 07:37:05] lg_switch_session_scope('user') called
[2026-04-20 07:37:05] New session ID: r00pistai013a6nokk43er73pn
[2026-04-20 07:37:05] Redirecting to homepage
[2026-04-20 07:42:28] === LOGIN ATTEMPT START ===
[2026-04-20 07:42:28] POST data: Array
(
)

[2026-04-20 07:42:28] === LOGIN ATTEMPT END ===

[2026-04-20 07:42:40] === LOGIN ATTEMPT START ===
[2026-04-20 07:42:40] POST data: Array
(
    [emailOrUsername] => head@lookgoodframes.com
    [password] => HeadAdmin@2026
)

[2026-04-20 07:42:40] Attempting login for: head@lookgoodframes.com
[2026-04-20 07:42:40] Checking admin table...
[2026-04-20 07:42:40] Admin query result: Found: head@lookgoodframes.com
[2026-04-20 07:42:40] ADMIN LOGIN SUCCESSFUL for: head@lookgoodframes.com
[2026-04-20 07:42:40] lg_switch_session_scope('admin') called
[2026-04-20 07:42:40] New session ID: rgmrnd7b1v7vnqgis75do7n88h
[2026-04-20 07:42:40] Session written. admin_id=ADM-HEAD-001 position=head
[2026-04-20 07:42:40] Redirecting to admin dashboard
[2026-04-20 07:53:50] === LOGIN ATTEMPT START ===
[2026-04-20 07:53:50] POST data: Array
(
)

[2026-04-20 07:53:50] === LOGIN ATTEMPT END ===

[2026-04-20 07:53:55] === LOGIN ATTEMPT START ===
[2026-04-20 07:53:55] POST data: Array
(
    [emailOrUsername] => edrianhalili@gmail.com
    [password] => 111111
)

[2026-04-20 07:53:55] Attempting login for: edrianhalili@gmail.com
[2026-04-20 07:53:55] Checking admin table...
[2026-04-20 07:53:55] Admin query result: Not found
[2026-04-20 07:53:55] Checking users table...
[2026-04-20 07:53:55] User query rows found: 1
[2026-04-20 07:53:55] User found: edrianhalili@gmail.com, Role: user
[2026-04-20 07:53:55] USER LOGIN SUCCESSFUL for: edrianhalili@gmail.com
[2026-04-20 07:53:55] lg_switch_session_scope('user') called
[2026-04-20 07:53:55] New session ID: 4s7fla2cicu0k1mdhchucfeq6s
[2026-04-20 07:53:55] Redirecting to homepage
[2026-04-20 08:05:27] === LOGIN ATTEMPT START ===
[2026-04-20 08:05:27] POST data: Array
(
)

[2026-04-20 08:05:27] === LOGIN ATTEMPT END ===

[2026-04-20 08:05:41] === LOGIN ATTEMPT START ===
[2026-04-20 08:05:41] POST data: Array
(
    [emailOrUsername] => head@lookgoodframes.com
    [password] => HeadAdmin@2026
)

[2026-04-20 08:05:41] Attempting login for: head@lookgoodframes.com
[2026-04-20 08:05:41] Checking admin table...
[2026-04-20 08:05:41] Admin query result: Found: head@lookgoodframes.com
[2026-04-20 08:05:41] ADMIN LOGIN SUCCESSFUL for: head@lookgoodframes.com
[2026-04-20 08:05:41] lg_switch_session_scope('admin') called
[2026-04-20 08:05:41] New session ID: h5nbgpjpk53gs91eup6vulnift
[2026-04-20 08:05:41] Session written. admin_id=ADM-HEAD-001 position=head
[2026-04-20 08:05:41] Redirecting to admin dashboard
[2026-04-20 08:06:43] === LOGIN ATTEMPT START ===
[2026-04-20 08:06:43] POST data: Array
(
)

[2026-04-20 08:06:43] === LOGIN ATTEMPT END ===

[2026-04-20 08:06:50] === LOGIN ATTEMPT START ===
[2026-04-20 08:06:50] POST data: Array
(
    [emailOrUsername] => admin@lookgoodframes.com
    [password] => admin123
)

[2026-04-20 08:06:50] Attempting login for: admin@lookgoodframes.com
[2026-04-20 08:06:50] Checking admin table...
[2026-04-20 08:06:50] Admin query result: Not found
[2026-04-20 08:06:50] Checking users table...
[2026-04-20 08:06:50] User query rows found: 1
[2026-04-20 08:06:50] User found: admin@lookgoodframes.com, Role: admin
[2026-04-20 08:06:50] Error: Invalid password
[2026-04-20 08:06:50] === LOGIN ATTEMPT END ===

[2026-04-20 08:08:20] === LOGIN ATTEMPT START ===
[2026-04-20 08:08:20] POST data: Array
(
    [emailOrUsername] => head@lookgoodframes.com
    [password] => HeadAdmin@2026
)

[2026-04-20 08:08:20] Attempting login for: head@lookgoodframes.com
[2026-04-20 08:08:20] Checking admin table...
[2026-04-20 08:08:20] Admin query result: Found: head@lookgoodframes.com
[2026-04-20 08:08:20] ADMIN LOGIN SUCCESSFUL for: head@lookgoodframes.com
[2026-04-20 08:08:20] lg_switch_session_scope('admin') called
[2026-04-20 08:08:20] New session ID: ovv4fmhf83kiiituf31e1gtoi3
[2026-04-20 08:08:20] Session written. admin_id=ADM-HEAD-001 position=head
[2026-04-20 08:08:20] Redirecting to admin dashboard
[2026-04-20 08:08:41] === LOGIN ATTEMPT START ===
[2026-04-20 08:08:41] POST data: Array
(
)

[2026-04-20 08:08:41] === LOGIN ATTEMPT END ===

[2026-04-20 08:08:51] === LOGIN ATTEMPT START ===
[2026-04-20 08:08:51] POST data: Array
(
    [emailOrUsername] => head@lookgoodframes.com
    [password] => HeadAdmin@2026
)

[2026-04-20 08:08:51] Attempting login for: head@lookgoodframes.com
[2026-04-20 08:08:51] Checking admin table...
[2026-04-20 08:08:51] Admin query result: Found: head@lookgoodframes.com
[2026-04-20 08:08:51] ADMIN LOGIN SUCCESSFUL for: head@lookgoodframes.com
[2026-04-20 08:08:51] lg_switch_session_scope('admin') called
[2026-04-20 08:08:51] New session ID: bt9j4l023a2co5gddtpno34r0b
[2026-04-20 08:08:51] Session written. admin_id=ADM-HEAD-001 position=head
[2026-04-20 08:08:51] Redirecting to admin dashboard
[2026-04-20 08:09:30] === LOGIN ATTEMPT START ===
[2026-04-20 08:09:30] POST data: Array
(
)

[2026-04-20 08:09:30] === LOGIN ATTEMPT END ===

[2026-04-20 08:09:40] === LOGIN ATTEMPT START ===
[2026-04-20 08:09:40] POST data: Array
(
    [emailOrUsername] => head@lookgoodframes.com
    [password] => HeadAdmin@2026
)

[2026-04-20 08:09:40] Attempting login for: head@lookgoodframes.com
[2026-04-20 08:09:40] Checking admin table...
[2026-04-20 08:09:40] Admin query result: Found: head@lookgoodframes.com
[2026-04-20 08:09:40] ADMIN LOGIN SUCCESSFUL for: head@lookgoodframes.com
[2026-04-20 08:09:40] lg_switch_session_scope('admin') called
[2026-04-20 08:09:40] New session ID: jj8vnar2reqjrmfhtjsmonuipj
[2026-04-20 08:09:40] Session written. admin_id=ADM-HEAD-001 position=head
[2026-04-20 08:09:40] Redirecting to admin dashboard
[2026-04-20 08:14:59] === LOGIN ATTEMPT START ===
[2026-04-20 08:14:59] POST data: Array
(
)

[2026-04-20 08:14:59] === LOGIN ATTEMPT END ===

[2026-04-20 08:15:24] === LOGIN ATTEMPT START ===
[2026-04-20 08:15:24] POST data: Array
(
    [emailOrUsername] => inventory@lookgoodframes.com
    [password] => InvAdmin@2026
)

[2026-04-20 08:15:24] Attempting login for: inventory@lookgoodframes.com
[2026-04-20 08:15:24] Checking admin table...
[2026-04-20 08:15:24] Admin query result: Found: inventory@lookgoodframes.com
[2026-04-20 08:15:24] ADMIN LOGIN SUCCESSFUL for: inventory@lookgoodframes.com
[2026-04-20 08:15:24] lg_switch_session_scope('admin') called
[2026-04-20 08:15:24] New session ID: vbi599969n0t8cu1sgtje2cfu0
[2026-04-20 08:15:24] Session written. admin_id=ADM-INV-001 position=inventory_orderAdmin
[2026-04-20 08:15:24] Redirecting to admin dashboard
[2026-04-20 08:16:29] === LOGIN ATTEMPT START ===
[2026-04-20 08:16:29] POST data: Array
(
)

[2026-04-20 08:16:29] === LOGIN ATTEMPT END ===

[2026-04-20 08:16:43] === LOGIN ATTEMPT START ===
[2026-04-20 08:16:43] POST data: Array
(
    [emailOrUsername] => messages@lookgoodframes.com
    [password] => MsgAdmin@2026
)

[2026-04-20 08:16:43] Attempting login for: messages@lookgoodframes.com
[2026-04-20 08:16:43] Checking admin table...
[2026-04-20 08:16:43] Admin query result: Found: messages@lookgoodframes.com
[2026-04-20 08:16:43] ADMIN LOGIN SUCCESSFUL for: messages@lookgoodframes.com
[2026-04-20 08:16:43] lg_switch_session_scope('admin') called
[2026-04-20 08:16:43] New session ID: vu2i4mvpgob5e7q7si55f4eco8
[2026-04-20 08:16:43] Session written. admin_id=ADM-MSG-001 position=message_feedbackAdmin
[2026-04-20 08:16:43] Redirecting to admin dashboard
[2026-04-20 08:16:54] === LOGIN ATTEMPT START ===
[2026-04-20 08:16:54] POST data: Array
(
)

[2026-04-20 08:16:54] === LOGIN ATTEMPT END ===

[2026-04-20 08:16:58] === LOGIN ATTEMPT START ===
[2026-04-20 08:16:58] POST data: Array
(
    [emailOrUsername] => edrianhalili@gmail.com
    [password] => 111111
)

[2026-04-20 08:16:58] Attempting login for: edrianhalili@gmail.com
[2026-04-20 08:16:58] Checking admin table...
[2026-04-20 08:16:58] Admin query result: Not found
[2026-04-20 08:16:58] Checking users table...
[2026-04-20 08:16:58] User query rows found: 1
[2026-04-20 08:16:58] User found: edrianhalili@gmail.com, Role: user
[2026-04-20 08:16:58] USER LOGIN SUCCESSFUL for: edrianhalili@gmail.com
[2026-04-20 08:16:58] lg_switch_session_scope('user') called
[2026-04-20 08:16:58] New session ID: bp65q0k010dpap95c617fgofgj
[2026-04-20 08:16:58] Redirecting to homepage
[2026-04-20 08:17:12] === LOGIN ATTEMPT START ===
[2026-04-20 08:17:12] POST data: Array
(
)

[2026-04-20 08:17:12] === LOGIN ATTEMPT END ===

[2026-04-20 08:17:25] === LOGIN ATTEMPT START ===
[2026-04-20 08:17:25] POST data: Array
(
    [emailOrUsername] => head@lookgoodframes.com
    [password] => HeadAdmin@2026
)

[2026-04-20 08:17:25] Attempting login for: head@lookgoodframes.com
[2026-04-20 08:17:25] Checking admin table...
[2026-04-20 08:17:25] Admin query result: Found: head@lookgoodframes.com
[2026-04-20 08:17:25] ADMIN LOGIN SUCCESSFUL for: head@lookgoodframes.com
[2026-04-20 08:17:25] lg_switch_session_scope('admin') called
[2026-04-20 08:17:25] New session ID: l6u3ml2js159uu5ufaqpe9lalg
[2026-04-20 08:17:25] Session written. admin_id=ADM-HEAD-001 position=head
[2026-04-20 08:17:25] Redirecting to admin dashboard
[2026-04-20 12:55:17] === LOGIN ATTEMPT START ===
[2026-04-20 12:55:17] POST data: Array
(
)

[2026-04-20 12:55:17] === LOGIN ATTEMPT END ===

[2026-04-20 12:55:25] === LOGIN ATTEMPT START ===
[2026-04-20 12:55:25] POST data: Array
(
    [emailOrUsername] => bleuraia
    [password] => bleuraia!
)

[2026-04-20 12:55:25] Attempting login for: bleuraia
[2026-04-20 12:55:25] Checking admin table...
[2026-04-20 12:55:25] Admin query result: Not found
[2026-04-20 12:55:25] Checking users table...
[2026-04-20 12:55:25] User query rows found: 1
[2026-04-20 12:55:25] User found: bleuraia@gmail.com, Role: user
[2026-04-20 12:55:25] USER LOGIN SUCCESSFUL for: bleuraia@gmail.com
[2026-04-20 12:55:25] lg_switch_session_scope('user') called
[2026-04-20 12:55:25] New session ID: vpvns3l957ijmc04nmh74d79qa
[2026-04-20 12:55:25] Redirecting to homepage
[2026-04-20 17:24:21] === LOGIN ATTEMPT START ===
[2026-04-20 17:24:21] POST data: Array
(
)

[2026-04-20 17:24:21] === LOGIN ATTEMPT END ===

[2026-04-20 17:24:26] === LOGIN ATTEMPT START ===
[2026-04-20 17:24:26] POST data: Array
(
    [emailOrUsername] => edrianhalili@gmail.com
    [password] => 111111
)

[2026-04-20 17:24:26] Attempting login for: edrianhalili@gmail.com
[2026-04-20 17:24:26] Checking admin table...
[2026-04-20 17:24:26] Admin query result: Not found
[2026-04-20 17:24:26] Checking users table...
[2026-04-20 17:24:26] User query rows found: 1
[2026-04-20 17:24:26] User found: edrianhalili@gmail.com, Role: user
[2026-04-20 17:24:26] USER LOGIN SUCCESSFUL for: edrianhalili@gmail.com
[2026-04-20 17:24:26] lg_switch_session_scope('user') called
[2026-04-20 17:24:26] New session ID: n12mtlpi1ite40nuqt16cmho5j
[2026-04-20 17:24:26] Redirecting to homepage
[2026-04-20 17:25:33] === LOGIN ATTEMPT START ===
[2026-04-20 17:25:33] POST data: Array
(
)

[2026-04-20 17:25:33] === LOGIN ATTEMPT END ===

[2026-04-20 17:25:48] === LOGIN ATTEMPT START ===
[2026-04-20 17:25:48] POST data: Array
(
    [emailOrUsername] => head@lookgoodframes.com
    [password] => HeadAdmin@2026
)

[2026-04-20 17:25:48] Attempting login for: head@lookgoodframes.com
[2026-04-20 17:25:48] Checking admin table...
[2026-04-20 17:25:48] Admin query result: Found: head@lookgoodframes.com
[2026-04-20 17:25:48] ADMIN LOGIN SUCCESSFUL for: head@lookgoodframes.com
[2026-04-20 17:25:48] lg_switch_session_scope('admin') called
[2026-04-20 17:25:48] New session ID: 0td7gkjh0g0fev9tbp2tcht0cv
[2026-04-20 17:25:48] Session written. admin_id=ADM-HEAD-001 position=head
[2026-04-20 17:25:48] Redirecting to admin dashboard
[2026-04-20 19:34:36] === LOGIN ATTEMPT START ===
[2026-04-20 19:34:36] POST data: Array
(
)

[2026-04-20 19:34:36] === LOGIN ATTEMPT END ===

[2026-04-20 19:34:40] === LOGIN ATTEMPT START ===
[2026-04-20 19:34:40] POST data: Array
(
    [emailOrUsername] => 
    [password] => 
)

[2026-04-20 19:34:40] Attempting login for: 
[2026-04-20 19:34:40] Error: Empty email/username
[2026-04-20 19:34:40] === LOGIN ATTEMPT END ===

[2026-04-20 19:34:52] === LOGIN ATTEMPT START ===
[2026-04-20 19:34:52] POST data: Array
(
    [emailOrUsername] => head@lookgoodframes.com
    [password] => HeadAdmin@2026
)

[2026-04-20 19:34:52] Attempting login for: head@lookgoodframes.com
[2026-04-20 19:34:52] Checking admin table...
[2026-04-20 19:34:52] Admin query result: Found: head@lookgoodframes.com
[2026-04-20 19:34:52] ADMIN LOGIN SUCCESSFUL for: head@lookgoodframes.com
[2026-04-20 19:34:52] lg_switch_session_scope('admin') called
[2026-04-20 19:34:52] New session ID: ns0mfb7th4j2e416qripvdjah5
[2026-04-20 19:34:52] Session written. admin_id=ADM-HEAD-001 position=head
[2026-04-20 19:34:52] Redirecting to admin dashboard
[2026-04-20 19:35:14] === LOGIN ATTEMPT START ===
[2026-04-20 19:35:14] POST data: Array
(
)

[2026-04-20 19:35:14] === LOGIN ATTEMPT END ===

[2026-04-20 19:35:19] === LOGIN ATTEMPT START ===
[2026-04-20 19:35:19] POST data: Array
(
    [emailOrUsername] => edrianhalili@gmail.com
    [password] => 111111
)

[2026-04-20 19:35:19] Attempting login for: edrianhalili@gmail.com
[2026-04-20 19:35:19] Checking admin table...
[2026-04-20 19:35:19] Admin query result: Not found
[2026-04-20 19:35:19] Checking users table...
[2026-04-20 19:35:19] User query rows found: 1
[2026-04-20 19:35:19] User found: edrianhalili@gmail.com, Role: user
[2026-04-20 19:35:19] USER LOGIN SUCCESSFUL for: edrianhalili@gmail.com
[2026-04-20 19:35:19] lg_switch_session_scope('user') called
[2026-04-20 19:35:19] New session ID: edrav7eoj5dtq7l83lvorkl7mk
[2026-04-20 19:35:19] Redirecting to homepage
[2026-04-21 09:52:30] === LOGIN ATTEMPT START ===
[2026-04-21 09:52:30] POST data: Array
(
)

[2026-04-21 09:52:30] === LOGIN ATTEMPT END ===

[2026-04-21 09:52:35] === LOGIN ATTEMPT START ===
[2026-04-21 09:52:35] POST data: Array
(
    [emailOrUsername] => edrianhalili@gmail.com
    [password] => 111111
)

[2026-04-21 09:52:35] Attempting login for: edrianhalili@gmail.com
[2026-04-21 09:52:35] Checking admin table...
[2026-04-21 09:52:35] Admin query result: Not found
[2026-04-21 09:52:35] Checking users table...
[2026-04-21 09:52:35] User query rows found: 1
[2026-04-21 09:52:35] User found: edrianhalili@gmail.com, Role: user
[2026-04-21 09:52:35] USER LOGIN SUCCESSFUL for: edrianhalili@gmail.com
[2026-04-21 09:52:35] lg_switch_session_scope('user') called
[2026-04-21 09:52:35] New session ID: 3fuahdvmk60i61qn3md0begg7e
[2026-04-21 09:52:35] Redirecting to homepage
[2026-04-21 10:02:19] === LOGIN ATTEMPT START ===
[2026-04-21 10:02:19] POST data: Array
(
)

[2026-04-21 10:02:19] === LOGIN ATTEMPT END ===

[2026-04-21 10:02:23] === LOGIN ATTEMPT START ===
[2026-04-21 10:02:23] POST data: Array
(
    [emailOrUsername] => edrianhalili@gmail.com
    [password] => 111111
)

[2026-04-21 10:02:23] Attempting login for: edrianhalili@gmail.com
[2026-04-21 10:02:23] Checking admin table...
[2026-04-21 10:02:23] Admin query result: Not found
[2026-04-21 10:02:23] Checking users table...
[2026-04-21 10:02:23] User query rows found: 1
[2026-04-21 10:02:23] User found: edrianhalili@gmail.com, Role: user
[2026-04-21 10:02:23] USER LOGIN SUCCESSFUL for: edrianhalili@gmail.com
[2026-04-21 10:02:23] lg_switch_session_scope('user') called
[2026-04-21 10:02:23] New session ID: gihu2vjomotmjjgqmikj9embu1
[2026-04-21 10:02:23] Redirecting to homepage
[2026-04-21 10:07:25] === LOGIN ATTEMPT START ===
[2026-04-21 10:07:25] POST data: Array
(
)

[2026-04-21 10:07:25] === LOGIN ATTEMPT END ===

[2026-04-21 10:07:29] === LOGIN ATTEMPT START ===
[2026-04-21 10:07:29] POST data: Array
(
    [emailOrUsername] => edrianhalili@gmail.com
    [password] => 111111
)

[2026-04-21 10:07:29] Attempting login for: edrianhalili@gmail.com
[2026-04-21 10:07:29] Checking admin table...
[2026-04-21 10:07:29] Admin query result: Not found
[2026-04-21 10:07:29] Checking users table...
[2026-04-21 10:07:29] User query rows found: 1
[2026-04-21 10:07:29] User found: edrianhalili@gmail.com, Role: user
[2026-04-21 10:07:29] USER LOGIN SUCCESSFUL for: edrianhalili@gmail.com
[2026-04-21 10:07:29] lg_switch_session_scope('user') called
[2026-04-21 10:07:29] New session ID: ga6d5fra6fvvf4acfsg9qlusth
[2026-04-21 10:07:29] Redirecting to homepage
[2026-04-21 10:07:40] === LOGIN ATTEMPT START ===
[2026-04-21 10:07:40] POST data: Array
(
)

[2026-04-21 10:07:40] === LOGIN ATTEMPT END ===

[2026-04-21 10:07:50] === LOGIN ATTEMPT START ===
[2026-04-21 10:07:50] POST data: Array
(
    [emailOrUsername] => head@lookgoodframes.com
    [password] => HeadAdmin@2026
)

[2026-04-21 10:07:50] Attempting login for: head@lookgoodframes.com
[2026-04-21 10:07:50] Checking admin table...
[2026-04-21 10:07:50] Admin query result: Found: head@lookgoodframes.com
[2026-04-21 10:07:50] ADMIN LOGIN SUCCESSFUL for: head@lookgoodframes.com
[2026-04-21 10:07:50] lg_switch_session_scope('admin') called
[2026-04-21 10:07:50] New session ID: 3s39oh87qo0pflf29h1bkah3gg
[2026-04-21 10:07:50] Session written. admin_id=ADM-HEAD-001 position=head
[2026-04-21 10:07:50] Redirecting to admin dashboard
[2026-04-21 10:08:04] === LOGIN ATTEMPT START ===
[2026-04-21 10:08:04] POST data: Array
(
)

[2026-04-21 10:08:04] === LOGIN ATTEMPT END ===

[2026-04-21 10:08:08] === LOGIN ATTEMPT START ===
[2026-04-21 10:08:08] POST data: Array
(
    [emailOrUsername] => edrianhalili@gmail.com
    [password] => 111111
)

[2026-04-21 10:08:08] Attempting login for: edrianhalili@gmail.com
[2026-04-21 10:08:08] Checking admin table...
[2026-04-21 10:08:08] Admin query result: Not found
[2026-04-21 10:08:08] Checking users table...
[2026-04-21 10:08:08] User query rows found: 1
[2026-04-21 10:08:08] User found: edrianhalili@gmail.com, Role: user
[2026-04-21 10:08:08] USER LOGIN SUCCESSFUL for: edrianhalili@gmail.com
[2026-04-21 10:08:08] lg_switch_session_scope('user') called
[2026-04-21 10:08:08] New session ID: sqb055fnneuak3dl2a312465po
[2026-04-21 10:08:08] Redirecting to homepage
[2026-04-21 10:08:47] === LOGIN ATTEMPT START ===
[2026-04-21 10:08:47] POST data: Array
(
)

[2026-04-21 10:08:47] === LOGIN ATTEMPT END ===

[2026-04-21 10:08:56] === LOGIN ATTEMPT START ===
[2026-04-21 10:08:56] POST data: Array
(
    [emailOrUsername] => head@lookgoodframes.com
    [password] => HeadAdmin@2026
)

[2026-04-21 10:08:56] Attempting login for: head@lookgoodframes.com
[2026-04-21 10:08:56] Checking admin table...
[2026-04-21 10:08:56] Admin query result: Found: head@lookgoodframes.com
[2026-04-21 10:08:56] ADMIN LOGIN SUCCESSFUL for: head@lookgoodframes.com
[2026-04-21 10:08:56] lg_switch_session_scope('admin') called
[2026-04-21 10:08:56] New session ID: tmt0v6ggnadpquqceitbh1h68d
[2026-04-21 10:08:56] Session written. admin_id=ADM-HEAD-001 position=head
[2026-04-21 10:08:56] Redirecting to admin dashboard
[2026-04-21 10:09:04] === LOGIN ATTEMPT START ===
[2026-04-21 10:09:04] POST data: Array
(
)

[2026-04-21 10:09:04] === LOGIN ATTEMPT END ===

[2026-04-21 10:09:52] === LOGIN ATTEMPT START ===
[2026-04-21 10:09:52] POST data: Array
(
    [emailOrUsername] => edrianhalili@gmail.com
    [password] => 111111
)

[2026-04-21 10:09:52] Attempting login for: edrianhalili@gmail.com
[2026-04-21 10:09:52] Checking admin table...
[2026-04-21 10:09:52] Admin query result: Not found
[2026-04-21 10:09:52] Checking users table...
[2026-04-21 10:09:52] User query rows found: 1
[2026-04-21 10:09:52] User found: edrianhalili@gmail.com, Role: user
[2026-04-21 10:09:52] USER LOGIN SUCCESSFUL for: edrianhalili@gmail.com
[2026-04-21 10:09:52] lg_switch_session_scope('user') called
[2026-04-21 10:09:52] New session ID: rinu2fc7akonq393qu4v6ngu93
[2026-04-21 10:09:52] Redirecting to homepage
[2026-04-21 10:14:01] === LOGIN ATTEMPT START ===
[2026-04-21 10:14:01] POST data: Array
(
)

[2026-04-21 10:14:01] === LOGIN ATTEMPT END ===

[2026-04-21 10:14:13] === LOGIN ATTEMPT START ===
[2026-04-21 10:14:13] POST data: Array
(
    [emailOrUsername] => head@lookgoodframes.com
    [password] => HeadAdmin@2026
)

[2026-04-21 10:14:13] Attempting login for: head@lookgoodframes.com
[2026-04-21 10:14:13] Checking admin table...
[2026-04-21 10:14:13] Admin query result: Found: head@lookgoodframes.com
[2026-04-21 10:14:13] ADMIN LOGIN SUCCESSFUL for: head@lookgoodframes.com
[2026-04-21 10:14:13] lg_switch_session_scope('admin') called
[2026-04-21 10:14:13] New session ID: 7n42fpe97hpn89u2nlliev8d9g
[2026-04-21 10:14:13] Session written. admin_id=ADM-HEAD-001 position=head
[2026-04-21 10:14:13] Redirecting to admin dashboard
[2026-04-21 10:15:58] === LOGIN ATTEMPT START ===
[2026-04-21 10:15:58] POST data: Array
(
)

[2026-04-21 10:15:58] === LOGIN ATTEMPT END ===

[2026-04-21 10:16:02] === LOGIN ATTEMPT START ===
[2026-04-21 10:16:02] POST data: Array
(
    [emailOrUsername] => edrianhalili@gmail.com
    [password] => 111111
)

[2026-04-21 10:16:02] Attempting login for: edrianhalili@gmail.com
[2026-04-21 10:16:02] Checking admin table...
[2026-04-21 10:16:02] Admin query result: Not found
[2026-04-21 10:16:02] Checking users table...
[2026-04-21 10:16:02] User query rows found: 1
[2026-04-21 10:16:02] User found: edrianhalili@gmail.com, Role: user
[2026-04-21 10:16:02] USER LOGIN SUCCESSFUL for: edrianhalili@gmail.com
[2026-04-21 10:16:02] lg_switch_session_scope('user') called
[2026-04-21 10:16:02] New session ID: clr7489hlc74csol70fe14146b
[2026-04-21 10:16:02] Redirecting to homepage
[2026-04-21 10:16:13] === LOGIN ATTEMPT START ===
[2026-04-21 10:16:13] POST data: Array
(
)

[2026-04-21 10:16:13] === LOGIN ATTEMPT END ===

[2026-04-21 10:16:29] === LOGIN ATTEMPT START ===
[2026-04-21 10:16:29] POST data: Array
(
    [emailOrUsername] => head@lookgoodframes.com
    [password] => HeadAdmin@2026
)

[2026-04-21 10:16:29] Attempting login for: head@lookgoodframes.com
[2026-04-21 10:16:29] Checking admin table...
[2026-04-21 10:16:29] Admin query result: Found: head@lookgoodframes.com
[2026-04-21 10:16:30] ADMIN LOGIN SUCCESSFUL for: head@lookgoodframes.com
[2026-04-21 10:16:30] lg_switch_session_scope('admin') called
[2026-04-21 10:16:30] New session ID: 58umniflk82lijskis82csj5bm
[2026-04-21 10:16:30] Session written. admin_id=ADM-HEAD-001 position=head
[2026-04-21 10:16:30] Redirecting to admin dashboard
[2026-04-21 10:25:01] === LOGIN ATTEMPT START ===
[2026-04-21 10:25:01] POST data: Array
(
)

[2026-04-21 10:25:02] === LOGIN ATTEMPT END ===

[2026-04-21 10:25:05] === LOGIN ATTEMPT START ===
[2026-04-21 10:25:05] POST data: Array
(
    [emailOrUsername] => edrianhalili@gmail.com
    [password] => 111111
)

[2026-04-21 10:25:05] Attempting login for: edrianhalili@gmail.com
[2026-04-21 10:25:05] Checking admin table...
[2026-04-21 10:25:05] Admin query result: Not found
[2026-04-21 10:25:05] Checking users table...
[2026-04-21 10:25:05] User query rows found: 1
[2026-04-21 10:25:06] User found: edrianhalili@gmail.com, Role: user
[2026-04-21 10:25:06] USER LOGIN SUCCESSFUL for: edrianhalili@gmail.com
[2026-04-21 10:25:06] lg_switch_session_scope('user') called
[2026-04-21 10:25:06] New session ID: i4473so1msogi8jvugbenglhjf
[2026-04-21 10:25:06] Redirecting to homepage
[2026-04-21 10:33:28] === LOGIN ATTEMPT START ===
[2026-04-21 10:33:28] POST data: Array
(
)

[2026-04-21 10:33:28] === LOGIN ATTEMPT END ===

[2026-04-21 10:33:38] === LOGIN ATTEMPT START ===
[2026-04-21 10:33:38] POST data: Array
(
    [emailOrUsername] => head@lookgoodframes.com
    [password] => HeadAdmin@2026
)

[2026-04-21 10:33:38] Attempting login for: head@lookgoodframes.com
[2026-04-21 10:33:38] Checking admin table...
[2026-04-21 10:33:38] Admin query result: Found: head@lookgoodframes.com
[2026-04-21 10:33:38] ADMIN LOGIN SUCCESSFUL for: head@lookgoodframes.com
[2026-04-21 10:33:38] lg_switch_session_scope('admin') called
[2026-04-21 10:33:38] New session ID: h6gsqvtt65sr1ft1bccrf5ev3u
[2026-04-21 10:33:38] Session written. admin_id=ADM-HEAD-001 position=head
[2026-04-21 10:33:38] Redirecting to admin dashboard
[2026-04-21 10:34:55] === LOGIN ATTEMPT START ===
[2026-04-21 10:34:55] POST data: Array
(
)

[2026-04-21 10:34:55] === LOGIN ATTEMPT END ===

[2026-04-21 10:34:59] === LOGIN ATTEMPT START ===
[2026-04-21 10:34:59] POST data: Array
(
    [emailOrUsername] => edrianhalili@gmail.com
    [password] => 111111
)

[2026-04-21 10:34:59] Attempting login for: edrianhalili@gmail.com
[2026-04-21 10:34:59] Checking admin table...
[2026-04-21 10:34:59] Admin query result: Not found
[2026-04-21 10:34:59] Checking users table...
[2026-04-21 10:34:59] User query rows found: 1
[2026-04-21 10:34:59] User found: edrianhalili@gmail.com, Role: user
[2026-04-21 10:34:59] USER LOGIN SUCCESSFUL for: edrianhalili@gmail.com
[2026-04-21 10:34:59] lg_switch_session_scope('user') called
[2026-04-21 10:34:59] New session ID: atqn2219qmad4cj1g7ugtg300a
[2026-04-21 10:34:59] Redirecting to homepage
[2026-04-21 10:35:50] === LOGIN ATTEMPT START ===
[2026-04-21 10:35:50] POST data: Array
(
)

[2026-04-21 10:35:50] === LOGIN ATTEMPT END ===

[2026-04-21 10:36:04] === LOGIN ATTEMPT START ===
[2026-04-21 10:36:04] POST data: Array
(
    [emailOrUsername] => head@lookgoodframes.com
    [password] => HeadAdmin@2026
)

[2026-04-21 10:36:04] Attempting login for: head@lookgoodframes.com
[2026-04-21 10:36:04] Checking admin table...
[2026-04-21 10:36:04] Admin query result: Found: head@lookgoodframes.com
[2026-04-21 10:36:04] ADMIN LOGIN SUCCESSFUL for: head@lookgoodframes.com
[2026-04-21 10:36:04] lg_switch_session_scope('admin') called
[2026-04-21 10:36:04] New session ID: hedrlrb7sp1egiumuj6r1br01n
[2026-04-21 10:36:04] Session written. admin_id=ADM-HEAD-001 position=head
[2026-04-21 10:36:04] Redirecting to admin dashboard
[2026-04-21 10:36:26] === LOGIN ATTEMPT START ===
[2026-04-21 10:36:26] POST data: Array
(
)

[2026-04-21 10:36:26] === LOGIN ATTEMPT END ===

[2026-04-21 10:36:31] === LOGIN ATTEMPT START ===
[2026-04-21 10:36:31] POST data: Array
(
    [emailOrUsername] => edrianhalili@gmail.com
    [password] => 111111
)

[2026-04-21 10:36:31] Attempting login for: edrianhalili@gmail.com
[2026-04-21 10:36:31] Checking admin table...
[2026-04-21 10:36:31] Admin query result: Not found
[2026-04-21 10:36:31] Checking users table...
[2026-04-21 10:36:31] User query rows found: 1
[2026-04-21 10:36:31] User found: edrianhalili@gmail.com, Role: user
[2026-04-21 10:36:31] USER LOGIN SUCCESSFUL for: edrianhalili@gmail.com
[2026-04-21 10:36:31] lg_switch_session_scope('user') called
[2026-04-21 10:36:31] New session ID: esoigvel2o6t76oes65h071kiv
[2026-04-21 10:36:31] Redirecting to homepage
[2026-04-21 10:58:22] === LOGIN ATTEMPT START ===
[2026-04-21 10:58:22] POST data: Array
(
)

[2026-04-21 10:58:22] === LOGIN ATTEMPT END ===

[2026-04-21 10:58:36] === LOGIN ATTEMPT START ===
[2026-04-21 10:58:36] POST data: Array
(
    [emailOrUsername] => head@lookgoodframes.com
    [password] => HeadAdmin@2026
)

[2026-04-21 10:58:36] Attempting login for: head@lookgoodframes.com
[2026-04-21 10:58:36] Checking admin table...
[2026-04-21 10:58:36] Admin query result: Found: head@lookgoodframes.com
[2026-04-21 10:58:36] ADMIN LOGIN SUCCESSFUL for: head@lookgoodframes.com
[2026-04-21 10:58:36] lg_switch_session_scope('admin') called
[2026-04-21 10:58:36] New session ID: smktoqlglbfpfg49uhdh7o9fsg
[2026-04-21 10:58:36] Session written. admin_id=ADM-HEAD-001 position=head
[2026-04-21 10:58:36] Redirecting to admin dashboard
[2026-04-21 11:04:15] === LOGIN ATTEMPT START ===
[2026-04-21 11:04:15] POST data: Array
(
)

[2026-04-21 11:04:15] === LOGIN ATTEMPT END ===

[2026-04-21 11:04:19] === LOGIN ATTEMPT START ===
[2026-04-21 11:04:19] POST data: Array
(
    [emailOrUsername] => edrianhalili@gmail.com
    [password] => 111111
)

[2026-04-21 11:04:19] Attempting login for: edrianhalili@gmail.com
[2026-04-21 11:04:19] Checking admin table...
[2026-04-21 11:04:19] Admin query result: Not found
[2026-04-21 11:04:19] Checking users table...
[2026-04-21 11:04:19] User query rows found: 1
[2026-04-21 11:04:19] User found: edrianhalili@gmail.com, Role: user
[2026-04-21 11:04:19] USER LOGIN SUCCESSFUL for: edrianhalili@gmail.com
[2026-04-21 11:04:19] lg_switch_session_scope('user') called
[2026-04-21 11:04:19] New session ID: 1n7bo9ccmg9lliigu5ci9k3739
[2026-04-21 11:04:19] Redirecting to homepage
[2026-04-21 11:13:32] === LOGIN ATTEMPT START ===
[2026-04-21 11:13:32] POST data: Array
(
)

[2026-04-21 11:13:32] === LOGIN ATTEMPT END ===

[2026-04-21 11:13:37] === LOGIN ATTEMPT START ===
[2026-04-21 11:13:37] POST data: Array
(
    [emailOrUsername] => edrianhalili@gmail.com
    [password] => 111111
)

[2026-04-21 11:13:37] Attempting login for: edrianhalili@gmail.com
[2026-04-21 11:13:37] Checking admin table...
[2026-04-21 11:13:37] Admin query result: Not found
[2026-04-21 11:13:37] Checking users table...
[2026-04-21 11:13:37] User query rows found: 1
[2026-04-21 11:13:37] User found: edrianhalili@gmail.com, Role: user
[2026-04-21 11:13:37] USER LOGIN SUCCESSFUL for: edrianhalili@gmail.com
[2026-04-21 11:13:37] lg_switch_session_scope('user') called
[2026-04-21 11:13:37] New session ID: asa2pkb928k6728q8r9t7p4dp4
[2026-04-21 11:13:37] Redirecting to homepage
[2026-04-21 11:35:57] === LOGIN ATTEMPT START ===
[2026-04-21 11:35:57] POST data: Array
(
)

[2026-04-21 11:35:57] === LOGIN ATTEMPT END ===

[2026-04-21 11:36:01] === LOGIN ATTEMPT START ===
[2026-04-21 11:36:01] POST data: Array
(
    [emailOrUsername] => edrianhalili@gmail.com
    [password] => 111111
)

[2026-04-21 11:36:01] Attempting login for: edrianhalili@gmail.com
[2026-04-21 11:36:01] Checking admin table...
[2026-04-21 11:36:01] Admin query result: Not found
[2026-04-21 11:36:01] Checking users table...
[2026-04-21 11:36:01] User query rows found: 1
[2026-04-21 11:36:01] User found: edrianhalili@gmail.com, Role: user
[2026-04-21 11:36:01] USER LOGIN SUCCESSFUL for: edrianhalili@gmail.com
[2026-04-21 11:36:01] lg_switch_session_scope('user') called
[2026-04-21 11:36:01] New session ID: 7r98utuktvas0360ap6bstsvqa
[2026-04-21 11:36:01] Redirecting to homepage
[2026-04-21 11:39:26] === LOGIN ATTEMPT START ===
[2026-04-21 11:39:26] POST data: Array
(
)

[2026-04-21 11:39:26] === LOGIN ATTEMPT END ===

[2026-04-21 11:40:48] === LOGIN ATTEMPT START ===
[2026-04-21 11:40:48] POST data: Array
(
    [emailOrUsername] => edrianhalili@gmail.com
    [password] => 111111
)

[2026-04-21 11:40:48] Attempting login for: edrianhalili@gmail.com
[2026-04-21 11:40:48] Checking admin table...
[2026-04-21 11:40:48] Admin query result: Not found
[2026-04-21 11:40:48] Checking users table...
[2026-04-21 11:40:48] User query rows found: 1
[2026-04-21 11:40:48] User found: edrianhalili@gmail.com, Role: user
[2026-04-21 11:40:48] USER LOGIN SUCCESSFUL for: edrianhalili@gmail.com
[2026-04-21 11:40:48] lg_switch_session_scope('user') called
[2026-04-21 11:40:48] New session ID: md1v2sq9k37321ev5s0eusu0pg
[2026-04-21 11:40:48] Redirecting to homepage
[2026-04-21 11:47:20] === LOGIN ATTEMPT START ===
[2026-04-21 11:47:20] POST data: Array
(
)

[2026-04-21 11:47:20] === LOGIN ATTEMPT END ===

[2026-04-21 11:47:25] === LOGIN ATTEMPT START ===
[2026-04-21 11:47:25] POST data: Array
(
    [emailOrUsername] => edrianhalili@gmail.com
    [password] => 111111
)

[2026-04-21 11:47:25] Attempting login for: edrianhalili@gmail.com
[2026-04-21 11:47:25] Checking admin table...
[2026-04-21 11:47:25] Admin query result: Not found
[2026-04-21 11:47:25] Checking users table...
[2026-04-21 11:47:25] User query rows found: 1
[2026-04-21 11:47:25] User found: edrianhalili@gmail.com, Role: user
[2026-04-21 11:47:25] USER LOGIN SUCCESSFUL for: edrianhalili@gmail.com
[2026-04-21 11:47:25] lg_switch_session_scope('user') called
[2026-04-21 11:47:25] New session ID: p49gjc78eoitrv7kbtu21dlchb
[2026-04-21 11:47:25] Redirecting to homepage
[2026-04-21 11:50:44] === LOGIN ATTEMPT START ===
[2026-04-21 11:50:44] POST data: Array
(
)

[2026-04-21 11:50:44] === LOGIN ATTEMPT END ===

[2026-04-21 11:50:53] === LOGIN ATTEMPT START ===
[2026-04-21 11:50:53] POST data: Array
(
    [emailOrUsername] => head@lookgoodframes.com
    [password] => HeadAdmin@2026
)

[2026-04-21 11:50:53] Attempting login for: head@lookgoodframes.com
[2026-04-21 11:50:53] Checking admin table...
[2026-04-21 11:50:53] Admin query result: Found: head@lookgoodframes.com
[2026-04-21 11:50:53] ADMIN LOGIN SUCCESSFUL for: head@lookgoodframes.com
[2026-04-21 11:50:53] lg_switch_session_scope('admin') called
[2026-04-21 11:50:53] New session ID: 7bqnga41akju4atbi6m13gs2ut
[2026-04-21 11:50:53] Session written. admin_id=ADM-HEAD-001 position=head
[2026-04-21 11:50:53] Redirecting to admin dashboard
[2026-04-21 11:52:28] === LOGIN ATTEMPT START ===
[2026-04-21 11:52:28] POST data: Array
(
)

[2026-04-21 11:52:28] === LOGIN ATTEMPT END ===

[2026-04-21 11:52:34] === LOGIN ATTEMPT START ===
[2026-04-21 11:52:34] POST data: Array
(
    [emailOrUsername] => edrianhalili@gmail.com
    [password] => 1111111
)

[2026-04-21 11:52:34] Attempting login for: edrianhalili@gmail.com
[2026-04-21 11:52:34] Checking admin table...
[2026-04-21 11:52:34] Admin query result: Not found
[2026-04-21 11:52:34] Checking users table...
[2026-04-21 11:52:34] User query rows found: 1
[2026-04-21 11:52:34] User found: edrianhalili@gmail.com, Role: user
[2026-04-21 11:52:34] Error: Invalid password
[2026-04-21 11:52:34] === LOGIN ATTEMPT END ===

[2026-04-21 11:52:38] === LOGIN ATTEMPT START ===
[2026-04-21 11:52:38] POST data: Array
(
    [emailOrUsername] => edrianhalili@gmail.com
    [password] => 111111
)

[2026-04-21 11:52:38] Attempting login for: edrianhalili@gmail.com
[2026-04-21 11:52:38] Checking admin table...
[2026-04-21 11:52:38] Admin query result: Not found
[2026-04-21 11:52:38] Checking users table...
[2026-04-21 11:52:38] User query rows found: 1
[2026-04-21 11:52:38] User found: edrianhalili@gmail.com, Role: user
[2026-04-21 11:52:38] USER LOGIN SUCCESSFUL for: edrianhalili@gmail.com
[2026-04-21 11:52:38] lg_switch_session_scope('user') called
[2026-04-21 11:52:38] New session ID: c9ptcmh3g0ltdv8codhj18vfv9
[2026-04-21 11:52:38] Redirecting to homepage
[2026-04-21 11:55:48] === LOGIN ATTEMPT START ===
[2026-04-21 11:55:48] POST data: Array
(
)

[2026-04-21 11:55:48] === LOGIN ATTEMPT END ===

[2026-04-21 11:55:52] === LOGIN ATTEMPT START ===
[2026-04-21 11:55:52] POST data: Array
(
    [emailOrUsername] => edrianhalili@gmail.com
    [password] => 111111
)

[2026-04-21 11:55:52] Attempting login for: edrianhalili@gmail.com
[2026-04-21 11:55:52] Checking admin table...
[2026-04-21 11:55:52] Admin query result: Not found
[2026-04-21 11:55:52] Checking users table...
[2026-04-21 11:55:52] User query rows found: 1
[2026-04-21 11:55:52] User found: edrianhalili@gmail.com, Role: user
[2026-04-21 11:55:52] USER LOGIN SUCCESSFUL for: edrianhalili@gmail.com
[2026-04-21 11:55:52] lg_switch_session_scope('user') called
[2026-04-21 11:55:52] New session ID: jqi7i1qnpvn091rp30p7u7nh2r
[2026-04-21 11:55:52] Redirecting to homepage
[2026-04-21 12:02:35] === LOGIN ATTEMPT START ===
[2026-04-21 12:02:35] POST data: Array
(
)

[2026-04-21 12:02:35] === LOGIN ATTEMPT END ===

[2026-04-21 12:02:45] === LOGIN ATTEMPT START ===
[2026-04-21 12:02:45] POST data: Array
(
    [emailOrUsername] => head@lookgoodframes.com
    [password] => HeadAdmin@2026
)

[2026-04-21 12:02:45] Attempting login for: head@lookgoodframes.com
[2026-04-21 12:02:45] Checking admin table...
[2026-04-21 12:02:45] Admin query result: Found: head@lookgoodframes.com
[2026-04-21 12:02:45] ADMIN LOGIN SUCCESSFUL for: head@lookgoodframes.com
[2026-04-21 12:02:45] lg_switch_session_scope('admin') called
[2026-04-21 12:02:45] New session ID: 87f8r97n30l5elumoohr3l065f
[2026-04-21 12:02:45] Session written. admin_id=ADM-HEAD-001 position=head
[2026-04-21 12:02:45] Redirecting to admin dashboard
[2026-04-21 12:05:13] === LOGIN ATTEMPT START ===
[2026-04-21 12:05:13] POST data: Array
(
)

[2026-04-21 12:05:13] === LOGIN ATTEMPT END ===

[2026-04-21 12:06:20] === LOGIN ATTEMPT START ===
[2026-04-21 12:06:20] POST data: Array
(
)

[2026-04-21 12:06:20] === LOGIN ATTEMPT END ===

[2026-04-21 12:06:33] === LOGIN ATTEMPT START ===
[2026-04-21 12:06:33] POST data: Array
(
    [emailOrUsername] => head@lookgoodframes.com
    [password] => HeadAdmin@2026
)

[2026-04-21 12:06:33] Attempting login for: head@lookgoodframes.com
[2026-04-21 12:06:33] Checking admin table...
[2026-04-21 12:06:33] Admin query result: Found: head@lookgoodframes.com
[2026-04-21 12:06:33] ADMIN LOGIN SUCCESSFUL for: head@lookgoodframes.com
[2026-04-21 12:06:33] lg_switch_session_scope('admin') called
[2026-04-21 12:06:33] New session ID: j0oonh0koq7g8ceipes9fqfbcq
[2026-04-21 12:06:33] Session written. admin_id=ADM-HEAD-001 position=head
[2026-04-21 12:06:33] Redirecting to admin dashboard
[2026-04-21 12:11:16] === LOGIN ATTEMPT START ===
[2026-04-21 12:11:16] POST data: Array
(
)

[2026-04-21 12:11:16] === LOGIN ATTEMPT END ===

[2026-04-21 12:11:22] === LOGIN ATTEMPT START ===
[2026-04-21 12:11:22] POST data: Array
(
    [emailOrUsername] => edrianhalili@gmail.com
    [password] => 111111
)

[2026-04-21 12:11:22] Attempting login for: edrianhalili@gmail.com
[2026-04-21 12:11:22] Checking admin table...
[2026-04-21 12:11:22] Admin query result: Not found
[2026-04-21 12:11:22] Checking users table...
[2026-04-21 12:11:22] User query rows found: 1
[2026-04-21 12:11:22] User found: edrianhalili@gmail.com, Role: user
[2026-04-21 12:11:22] USER LOGIN SUCCESSFUL for: edrianhalili@gmail.com
[2026-04-21 12:11:22] lg_switch_session_scope('user') called
[2026-04-21 12:11:22] New session ID: mlbpl9ijo3umc23li16sf972fo
[2026-04-21 12:11:22] Redirecting to homepage
[2026-04-21 12:12:31] === LOGIN ATTEMPT START ===
[2026-04-21 12:12:31] POST data: Array
(
)

[2026-04-21 12:12:31] === LOGIN ATTEMPT END ===

[2026-04-21 12:12:36] === LOGIN ATTEMPT START ===
[2026-04-21 12:12:36] POST data: Array
(
    [emailOrUsername] => edrianhalili@gmail.com
    [password] => 111111
)

[2026-04-21 12:12:36] Attempting login for: edrianhalili@gmail.com
[2026-04-21 12:12:36] Checking admin table...
[2026-04-21 12:12:36] Admin query result: Not found
[2026-04-21 12:12:36] Checking users table...
[2026-04-21 12:12:36] User query rows found: 1
[2026-04-21 12:12:36] User found: edrianhalili@gmail.com, Role: user
[2026-04-21 12:12:36] USER LOGIN SUCCESSFUL for: edrianhalili@gmail.com
[2026-04-21 12:12:36] lg_switch_session_scope('user') called
[2026-04-21 12:12:36] New session ID: p2k1868em894g3ira3dqct92so
[2026-04-21 12:12:36] Redirecting to homepage
[2026-04-21 12:14:07] === LOGIN ATTEMPT START ===
[2026-04-21 12:14:07] POST data: Array
(
)

[2026-04-21 12:14:07] === LOGIN ATTEMPT END ===

[2026-04-21 12:14:17] === LOGIN ATTEMPT START ===
[2026-04-21 12:14:17] POST data: Array
(
    [emailOrUsername] => head@lookgoodframes.com
    [password] => HeadAdmin@2026
)

[2026-04-21 12:14:17] Attempting login for: head@lookgoodframes.com
[2026-04-21 12:14:17] Checking admin table...
[2026-04-21 12:14:17] Admin query result: Found: head@lookgoodframes.com
[2026-04-21 12:14:17] ADMIN LOGIN SUCCESSFUL for: head@lookgoodframes.com
[2026-04-21 12:14:17] lg_switch_session_scope('admin') called
[2026-04-21 12:14:17] New session ID: dn4e29llqjg6k30rl04m3sjq7e
[2026-04-21 12:14:17] Session written. admin_id=ADM-HEAD-001 position=head
[2026-04-21 12:14:17] Redirecting to admin dashboard
[2026-04-21 12:14:36] === LOGIN ATTEMPT START ===
[2026-04-21 12:14:36] POST data: Array
(
)

[2026-04-21 12:14:36] === LOGIN ATTEMPT END ===

[2026-04-21 12:14:40] === LOGIN ATTEMPT START ===
[2026-04-21 12:14:40] POST data: Array
(
    [emailOrUsername] => edrianhalili@gmail.com
    [password] => 111111
)

[2026-04-21 12:14:40] Attempting login for: edrianhalili@gmail.com
[2026-04-21 12:14:40] Checking admin table...
[2026-04-21 12:14:40] Admin query result: Not found
[2026-04-21 12:14:40] Checking users table...
[2026-04-21 12:14:40] User query rows found: 1
[2026-04-21 12:14:40] User found: edrianhalili@gmail.com, Role: user
[2026-04-21 12:14:40] USER LOGIN SUCCESSFUL for: edrianhalili@gmail.com
[2026-04-21 12:14:40] lg_switch_session_scope('user') called
[2026-04-21 12:14:40] New session ID: q7h7dieu1ddhummsbpgdjr9tbv
[2026-04-21 12:14:40] Redirecting to homepage
[2026-04-21 12:31:18] === LOGIN ATTEMPT START ===
[2026-04-21 12:31:18] POST data: Array
(
)

[2026-04-21 12:31:18] === LOGIN ATTEMPT END ===

[2026-04-21 12:31:27] === LOGIN ATTEMPT START ===
[2026-04-21 12:31:27] POST data: Array
(
    [emailOrUsername] => head@lookgoodframes.com
    [password] => HeadAdmin@2026
)

[2026-04-21 12:31:27] Attempting login for: head@lookgoodframes.com
[2026-04-21 12:31:27] Checking admin table...
[2026-04-21 12:31:27] Admin query result: Found: head@lookgoodframes.com
[2026-04-21 12:31:27] ADMIN LOGIN SUCCESSFUL for: head@lookgoodframes.com
[2026-04-21 12:31:27] lg_switch_session_scope('admin') called
[2026-04-21 12:31:27] New session ID: obmjaevv9ipv99a85a2kifbrm4
[2026-04-21 12:31:27] Session written. admin_id=ADM-HEAD-001 position=head
[2026-04-21 12:31:27] Redirecting to admin dashboard
[2026-04-21 12:34:13] === LOGIN ATTEMPT START ===
[2026-04-21 12:34:13] POST data: Array
(
)

[2026-04-21 12:34:13] === LOGIN ATTEMPT END ===

[2026-04-21 12:34:17] === LOGIN ATTEMPT START ===
[2026-04-21 12:34:17] POST data: Array
(
    [emailOrUsername] => edrianhalili@gmail.com
    [password] => 111111
)

[2026-04-21 12:34:17] Attempting login for: edrianhalili@gmail.com
[2026-04-21 12:34:17] Checking admin table...
[2026-04-21 12:34:17] Admin query result: Not found
[2026-04-21 12:34:17] Checking users table...
[2026-04-21 12:34:17] User query rows found: 1
[2026-04-21 12:34:17] User found: edrianhalili@gmail.com, Role: user
[2026-04-21 12:34:17] USER LOGIN SUCCESSFUL for: edrianhalili@gmail.com
[2026-04-21 12:34:17] lg_switch_session_scope('user') called
[2026-04-21 12:34:17] New session ID: 9t870h9e7iqqnsa6agegd1uhal
[2026-04-21 12:34:17] Redirecting to homepage
[2026-04-21 12:34:51] === LOGIN ATTEMPT START ===
[2026-04-21 12:34:51] POST data: Array
(
)

[2026-04-21 12:34:51] === LOGIN ATTEMPT END ===

[2026-04-21 12:35:02] === LOGIN ATTEMPT START ===
[2026-04-21 12:35:02] POST data: Array
(
    [emailOrUsername] => head@lookgoodframes.com
    [password] => HeadAdmin@2026
)

[2026-04-21 12:35:02] Attempting login for: head@lookgoodframes.com
[2026-04-21 12:35:02] Checking admin table...
[2026-04-21 12:35:02] Admin query result: Found: head@lookgoodframes.com
[2026-04-21 12:35:02] ADMIN LOGIN SUCCESSFUL for: head@lookgoodframes.com
[2026-04-21 12:35:02] lg_switch_session_scope('admin') called
[2026-04-21 12:35:02] New session ID: 37r50uc1f01bfofrdgvc822jkb
[2026-04-21 12:35:02] Session written. admin_id=ADM-HEAD-001 position=head
[2026-04-21 12:35:02] Redirecting to admin dashboard
[2026-04-21 12:40:47] === LOGIN ATTEMPT START ===
[2026-04-21 12:40:47] POST data: Array
(
)

[2026-04-21 12:40:47] === LOGIN ATTEMPT END ===

[2026-04-21 12:40:52] === LOGIN ATTEMPT START ===
[2026-04-21 12:40:52] POST data: Array
(
    [emailOrUsername] => edrianhalili@gmail.com
    [password] => 111111
)

[2026-04-21 12:40:52] Attempting login for: edrianhalili@gmail.com
[2026-04-21 12:40:52] Checking admin table...
[2026-04-21 12:40:52] Admin query result: Not found
[2026-04-21 12:40:52] Checking users table...
[2026-04-21 12:40:52] User query rows found: 1
[2026-04-21 12:40:52] User found: edrianhalili@gmail.com, Role: user
[2026-04-21 12:40:52] USER LOGIN SUCCESSFUL for: edrianhalili@gmail.com
[2026-04-21 12:40:52] lg_switch_session_scope('user') called
[2026-04-21 12:40:52] New session ID: frabod59hdqjg2er0vs3j8shm8
[2026-04-21 12:40:52] Redirecting to homepage
[2026-04-21 12:43:41] === LOGIN ATTEMPT START ===
[2026-04-21 12:43:41] POST data: Array
(
)

[2026-04-21 12:43:41] === LOGIN ATTEMPT END ===

[2026-04-21 12:44:05] === LOGIN ATTEMPT START ===
[2026-04-21 12:44:05] POST data: Array
(
    [emailOrUsername] => head@lookgoodframes.com
    [password] => HeadAdmin@2026
)

[2026-04-21 12:44:05] Attempting login for: head@lookgoodframes.com
[2026-04-21 12:44:05] Checking admin table...
[2026-04-21 12:44:05] Admin query result: Found: head@lookgoodframes.com
[2026-04-21 12:44:05] ADMIN LOGIN SUCCESSFUL for: head@lookgoodframes.com
[2026-04-21 12:44:05] lg_switch_session_scope('admin') called
[2026-04-21 12:44:05] New session ID: 5jf1jgj5aq49d7u8ukk7srsr3n
[2026-04-21 12:44:05] Session written. admin_id=ADM-HEAD-001 position=head
[2026-04-21 12:44:05] Redirecting to admin dashboard
[2026-04-21 12:52:11] === LOGIN ATTEMPT START ===
[2026-04-21 12:52:11] POST data: Array
(
)

[2026-04-21 12:52:11] === LOGIN ATTEMPT END ===

[2026-04-21 12:52:15] === LOGIN ATTEMPT START ===
[2026-04-21 12:52:15] POST data: Array
(
    [emailOrUsername] => edrianhalili@gmail.com
    [password] => 111111
)

[2026-04-21 12:52:15] Attempting login for: edrianhalili@gmail.com
[2026-04-21 12:52:15] Checking admin table...
[2026-04-21 12:52:15] Admin query result: Not found
[2026-04-21 12:52:15] Checking users table...
[2026-04-21 12:52:15] User query rows found: 1
[2026-04-21 12:52:15] User found: edrianhalili@gmail.com, Role: user
[2026-04-21 12:52:15] USER LOGIN SUCCESSFUL for: edrianhalili@gmail.com
[2026-04-21 12:52:15] lg_switch_session_scope('user') called
[2026-04-21 12:52:15] New session ID: 1sgsm6umhbau9i4jd069918snt
[2026-04-21 12:52:15] Redirecting to homepage
[2026-04-21 13:55:14] === LOGIN ATTEMPT START ===
[2026-04-21 13:55:14] POST data: Array
(
)

[2026-04-21 13:55:14] === LOGIN ATTEMPT END ===

[2026-04-21 13:55:53] === LOGIN ATTEMPT START ===
[2026-04-21 13:55:53] POST data: Array
(
)

[2026-04-21 13:55:53] === LOGIN ATTEMPT END ===

[2026-04-21 13:56:04] === LOGIN ATTEMPT START ===
[2026-04-21 13:56:04] POST data: Array
(
)

[2026-04-21 13:56:04] === LOGIN ATTEMPT END ===

[2026-04-22 03:33:33] === LOGIN ATTEMPT START ===
[2026-04-22 03:33:33] POST data: Array
(
)

[2026-04-22 03:33:33] === LOGIN ATTEMPT END ===

[2026-04-22 03:34:05] === LOGIN ATTEMPT START ===
[2026-04-22 03:34:05] POST data: Array
(
    [emailOrUsername] => head@lookgoodframes.com
    [password] => HeadAdmin@2026
)

[2026-04-22 03:34:05] Attempting login for: head@lookgoodframes.com
[2026-04-22 03:34:05] Checking admin table...
[2026-04-22 03:34:05] Admin query result: Found: head@lookgoodframes.com
[2026-04-22 03:34:05] ADMIN LOGIN SUCCESSFUL for: head@lookgoodframes.com
[2026-04-22 03:34:05] lg_switch_session_scope('admin') called
[2026-04-22 03:34:05] New session ID: 96fff95d9fispt24lcdd185v5m
[2026-04-22 03:34:05] Session written. admin_id=ADM-HEAD-001 position=head
[2026-04-22 03:34:05] Redirecting to admin dashboard
[2026-04-22 03:36:46] === LOGIN ATTEMPT START ===
[2026-04-22 03:36:46] POST data: Array
(
)

[2026-04-22 03:36:46] === LOGIN ATTEMPT END ===

[2026-04-22 03:39:07] === LOGIN ATTEMPT START ===
[2026-04-22 03:39:07] POST data: Array
(
)

[2026-04-22 03:39:07] === LOGIN ATTEMPT END ===

[2026-04-22 03:39:11] === LOGIN ATTEMPT START ===
[2026-04-22 03:39:11] POST data: Array
(
    [emailOrUsername] => head@lookgoodframes.com
    [password] => HeadAdmin@2026
)

[2026-04-22 03:39:11] Attempting login for: head@lookgoodframes.com
[2026-04-22 03:39:11] Checking admin table...
[2026-04-22 03:39:11] Admin query result: Found: head@lookgoodframes.com
[2026-04-22 03:39:11] ADMIN LOGIN SUCCESSFUL for: head@lookgoodframes.com
[2026-04-22 03:39:11] lg_switch_session_scope('admin') called
[2026-04-22 03:39:11] New session ID: ab8hj03hc94qdoir5ic6q2alc8
[2026-04-22 03:39:11] Session written. admin_id=ADM-HEAD-001 position=head
[2026-04-22 03:39:11] Redirecting to admin dashboard
[2026-04-22 03:40:59] === LOGIN ATTEMPT START ===
[2026-04-22 03:40:59] POST data: Array
(
)

[2026-04-22 03:40:59] === LOGIN ATTEMPT END ===

[2026-04-22 03:44:50] === LOGIN ATTEMPT START ===
[2026-04-22 03:44:50] POST data: Array
(
)

[2026-04-22 03:44:50] === LOGIN ATTEMPT END ===

[2026-04-22 03:44:52] === LOGIN ATTEMPT START ===
[2026-04-22 03:44:52] POST data: Array
(
    [emailOrUsername] => head@lookgoodframes.com
    [password] => HeadAdmin@2026
)

[2026-04-22 03:44:52] Attempting login for: head@lookgoodframes.com
[2026-04-22 03:44:52] Checking admin table...
[2026-04-22 03:44:52] Admin query result: Found: head@lookgoodframes.com
[2026-04-22 03:44:52] ADMIN LOGIN SUCCESSFUL for: head@lookgoodframes.com
[2026-04-22 03:44:52] lg_switch_session_scope('admin') called
[2026-04-22 03:44:52] New session ID: s8he3p2gfq2ki33v1sp15d6p0o
[2026-04-22 03:44:52] Session written. admin_id=ADM-HEAD-001 position=head
[2026-04-22 03:44:52] Redirecting to admin dashboard
[2026-04-22 03:46:03] === LOGIN ATTEMPT START ===
[2026-04-22 03:46:03] POST data: Array
(
)

[2026-04-22 03:46:03] === LOGIN ATTEMPT END ===

[2026-04-22 03:53:09] === LOGIN ATTEMPT START ===
[2026-04-22 03:53:09] POST data: Array
(
)

[2026-04-22 03:53:09] === LOGIN ATTEMPT END ===

[2026-04-22 03:53:12] === LOGIN ATTEMPT START ===
[2026-04-22 03:53:12] POST data: Array
(
    [emailOrUsername] => head@lookgoodframes.com
    [password] => HeadAdmin@2026
)

[2026-04-22 03:53:12] Attempting login for: head@lookgoodframes.com
[2026-04-22 03:53:12] Checking admin table...
[2026-04-22 03:53:12] Admin query result: Found: head@lookgoodframes.com
[2026-04-22 03:53:12] ADMIN LOGIN SUCCESSFUL for: head@lookgoodframes.com
[2026-04-22 03:53:12] lg_switch_session_scope('admin') called
[2026-04-22 03:53:12] New session ID: tidpkckgsv5nbe07et16suvfsl
[2026-04-22 03:53:12] Session written. admin_id=ADM-HEAD-001 position=head
[2026-04-22 03:53:12] Redirecting to admin dashboard
[2026-04-22 03:53:50] === LOGIN ATTEMPT START ===
[2026-04-22 03:53:50] POST data: Array
(
)

[2026-04-22 03:53:50] === LOGIN ATTEMPT END ===

[2026-04-22 03:54:17] === LOGIN ATTEMPT START ===
[2026-04-22 03:54:17] POST data: Array
(
)

[2026-04-22 03:54:17] === LOGIN ATTEMPT END ===

[2026-04-22 03:54:23] === LOGIN ATTEMPT START ===
[2026-04-22 03:54:23] POST data: Array
(
    [emailOrUsername] => bleuraia
    [password] => panda6789
)

[2026-04-22 03:54:23] Attempting login for: bleuraia
[2026-04-22 03:54:23] Checking admin table...
[2026-04-22 03:54:23] Admin query result: Not found
[2026-04-22 03:54:23] Checking users table...
[2026-04-22 03:54:23] User query rows found: 0
[2026-04-22 03:54:23] Error: No user account found
[2026-04-22 03:54:23] === LOGIN ATTEMPT END ===

[2026-04-22 04:02:27] === LOGIN ATTEMPT START ===
[2026-04-22 04:02:27] POST data: Array
(
)

[2026-04-22 04:02:27] === LOGIN ATTEMPT END ===

[2026-04-22 04:02:47] === LOGIN ATTEMPT START ===
[2026-04-22 04:02:47] POST data: Array
(
    [emailOrUsername] => bleuraia
    [password] => panda6789
)

[2026-04-22 04:02:47] Attempting login for: bleuraia
[2026-04-22 04:02:47] Checking admin table...
[2026-04-22 04:02:47] Admin query result: Not found
[2026-04-22 04:02:47] Checking users table...
[2026-04-22 04:02:47] User query rows found: 1
[2026-04-22 04:02:47] User found: bleuraia@gmail.com, Role: user
[2026-04-22 04:02:47] USER LOGIN SUCCESSFUL for: bleuraia@gmail.com
[2026-04-22 04:02:47] lg_switch_session_scope('user') called
[2026-04-22 04:02:47] New session ID: r0cc1uslfrt51sgkrgfkanroum
[2026-04-22 04:02:47] Redirecting to homepage
[2026-04-22 04:04:15] === LOGIN ATTEMPT START ===
[2026-04-22 04:04:15] POST data: Array
(
)

[2026-04-22 04:04:15] === LOGIN ATTEMPT END ===

[2026-04-22 04:04:18] === LOGIN ATTEMPT START ===
[2026-04-22 04:04:18] POST data: Array
(
    [emailOrUsername] => bleuraia
    [password] => panda6789
)

[2026-04-22 04:04:18] Attempting login for: bleuraia
[2026-04-22 04:04:18] Checking admin table...
[2026-04-22 04:04:18] Admin query result: Not found
[2026-04-22 04:04:18] Checking users table...
[2026-04-22 04:04:18] User query rows found: 0
[2026-04-22 04:04:18] Error: No user account found
[2026-04-22 04:04:18] === LOGIN ATTEMPT END ===

[2026-04-22 04:04:23] === LOGIN ATTEMPT START ===
[2026-04-22 04:04:23] POST data: Array
(
    [emailOrUsername] => bleuraia
    [password] => panda6789
)

[2026-04-22 04:04:23] Attempting login for: bleuraia
[2026-04-22 04:04:23] Checking admin table...
[2026-04-22 04:04:23] Admin query result: Not found
[2026-04-22 04:04:23] Checking users table...
[2026-04-22 04:04:23] User query rows found: 0
[2026-04-22 04:04:23] Error: No user account found
[2026-04-22 04:04:23] === LOGIN ATTEMPT END ===

[2026-04-22 04:04:27] === LOGIN ATTEMPT START ===
[2026-04-22 04:04:27] POST data: Array
(
    [emailOrUsername] => bleuraia
    [password] => panda6789
)

[2026-04-22 04:04:27] Attempting login for: bleuraia
[2026-04-22 04:04:27] Checking admin table...
[2026-04-22 04:04:27] Admin query result: Not found
[2026-04-22 04:04:27] Checking users table...
[2026-04-22 04:04:27] User query rows found: 0
[2026-04-22 04:04:27] Error: No user account found
[2026-04-22 04:04:27] === LOGIN ATTEMPT END ===

[2026-04-22 04:04:36] === LOGIN ATTEMPT START ===
[2026-04-22 04:04:36] POST data: Array
(
    [emailOrUsername] => bleuraia
    [password] => panda6789
    [remember] => on
)

[2026-04-22 04:04:36] Attempting login for: bleuraia
[2026-04-22 04:04:36] Checking admin table...
[2026-04-22 04:04:36] Admin query result: Not found
[2026-04-22 04:04:36] Checking users table...
[2026-04-22 04:04:36] User query rows found: 0
[2026-04-22 04:04:36] Error: No user account found
[2026-04-22 04:04:36] === LOGIN ATTEMPT END ===

[2026-04-22 04:06:11] === LOGIN ATTEMPT START ===
[2026-04-22 04:06:11] POST data: Array
(
    [emailOrUsername] => bleuraia@gmail.com
    [password] => panda6789
)

[2026-04-22 04:06:11] Attempting login for: bleuraia@gmail.com
[2026-04-22 04:06:11] Checking admin table...
[2026-04-22 04:06:11] Admin query result: Not found
[2026-04-22 04:06:11] Checking users table...
[2026-04-22 04:06:11] User query rows found: 1
[2026-04-22 04:06:11] User found: bleuraia@gmail.com, Role: user
[2026-04-22 04:06:11] USER LOGIN SUCCESSFUL for: bleuraia@gmail.com
[2026-04-22 04:06:11] lg_switch_session_scope('user') called
[2026-04-22 04:06:11] New session ID: l7en3hphchflret5vstnv4ud0m
[2026-04-22 04:06:11] Redirecting to homepage
[2026-04-22 04:22:04] === LOGIN ATTEMPT START ===
[2026-04-22 04:22:04] POST data: Array
(
)

[2026-04-22 04:22:04] === LOGIN ATTEMPT END ===

[2026-04-22 04:22:08] === LOGIN ATTEMPT START ===
[2026-04-22 04:22:08] POST data: Array
(
    [emailOrUsername] => bleuraia@gmail.com
    [password] => panda6789
)

[2026-04-22 04:22:08] Attempting login for: bleuraia@gmail.com
[2026-04-22 04:22:08] Checking admin table...
[2026-04-22 04:22:08] Admin query result: Not found
[2026-04-22 04:22:08] Checking users table...
[2026-04-22 04:22:08] User query rows found: 0
[2026-04-22 04:22:08] Error: No user account found
[2026-04-22 04:22:08] === LOGIN ATTEMPT END ===

[2026-04-22 04:26:17] === LOGIN ATTEMPT START ===
[2026-04-22 04:26:17] POST data: Array
(
)

[2026-04-22 04:26:17] === LOGIN ATTEMPT END ===

[2026-04-22 04:26:20] === LOGIN ATTEMPT START ===
[2026-04-22 04:26:20] POST data: Array
(
    [emailOrUsername] => bleuraia
    [password] => panda6789
)

[2026-04-22 04:26:20] Attempting login for: bleuraia
[2026-04-22 04:26:20] Checking admin table...
[2026-04-22 04:26:20] Admin query result: Not found
[2026-04-22 04:26:20] Checking users table...
[2026-04-22 04:26:20] User query rows found: 1
[2026-04-22 04:26:20] User found: bleuraia@gmail.com, Role: user
[2026-04-22 04:26:21] USER LOGIN SUCCESSFUL for: bleuraia@gmail.com
[2026-04-22 04:26:21] lg_switch_session_scope('user') called
[2026-04-22 04:26:21] New session ID: okgdkbm1h971b8fn2o1vc30367
[2026-04-22 04:26:21] Redirecting to homepage
[2026-04-22 04:33:33] === LOGIN ATTEMPT START ===
[2026-04-22 04:33:33] POST data: Array
(
)

[2026-04-22 04:33:33] === LOGIN ATTEMPT END ===

[2026-04-22 04:33:37] === LOGIN ATTEMPT START ===
[2026-04-22 04:33:37] POST data: Array
(
    [emailOrUsername] => head@lookgoodframes.com
    [password] => HeadAdmin@2026
)

[2026-04-22 04:33:37] Attempting login for: head@lookgoodframes.com
[2026-04-22 04:33:37] Checking admin table...
[2026-04-22 04:33:37] Admin query result: Found: head@lookgoodframes.com
[2026-04-22 04:33:37] ADMIN LOGIN SUCCESSFUL for: head@lookgoodframes.com
[2026-04-22 04:33:37] lg_switch_session_scope('admin') called
[2026-04-22 04:33:37] New session ID: sef7gbvvgcblnlvv6if801u84m
[2026-04-22 04:33:37] Session written. admin_id=ADM-HEAD-001 position=head
[2026-04-22 04:33:37] Redirecting to admin dashboard
[2026-04-22 04:34:42] === LOGIN ATTEMPT START ===
[2026-04-22 04:34:42] POST data: Array
(
)

[2026-04-22 04:34:42] === LOGIN ATTEMPT END ===

[2026-04-22 04:36:04] === LOGIN ATTEMPT START ===
[2026-04-22 04:36:04] POST data: Array
(
)

[2026-04-22 04:36:04] === LOGIN ATTEMPT END ===

[2026-04-22 04:39:01] === LOGIN ATTEMPT START ===
[2026-04-22 04:39:01] POST data: Array
(
)

[2026-04-22 04:39:01] === LOGIN ATTEMPT END ===

[2026-04-22 04:39:08] === LOGIN ATTEMPT START ===
[2026-04-22 04:39:08] POST data: Array
(
    [emailOrUsername] => nachtskie
    [password] => Yvomercdjs13!
)

[2026-04-22 04:39:08] Attempting login for: nachtskie
[2026-04-22 04:39:08] Checking admin table...
[2026-04-22 04:39:08] Admin query result: Not found
[2026-04-22 04:39:08] Checking users table...
[2026-04-22 04:39:08] User query rows found: 0
[2026-04-22 04:39:08] Error: No user account found
[2026-04-22 04:39:08] === LOGIN ATTEMPT END ===

[2026-04-22 04:39:14] === LOGIN ATTEMPT START ===
[2026-04-22 04:39:14] POST data: Array
(
    [emailOrUsername] => annegonz
    [password] => 
)

[2026-04-22 04:39:14] Attempting login for: annegonz
[2026-04-22 04:39:14] Error: Empty password
[2026-04-22 04:39:14] === LOGIN ATTEMPT END ===

[2026-04-22 04:39:18] === LOGIN ATTEMPT START ===
[2026-04-22 04:39:18] POST data: Array
(
    [emailOrUsername] => annegonz
    [password] => bleu1234
)

[2026-04-22 04:39:18] Attempting login for: annegonz
[2026-04-22 04:39:18] Checking admin table...
[2026-04-22 04:39:18] Admin query result: Not found
[2026-04-22 04:39:18] Checking users table...
[2026-04-22 04:39:18] User query rows found: 1
[2026-04-22 04:39:18] User found: nachtskie@gmail.com, Role: user
[2026-04-22 04:39:18] Error: Invalid password
[2026-04-22 04:39:18] === LOGIN ATTEMPT END ===

[2026-04-22 04:39:21] === LOGIN ATTEMPT START ===
[2026-04-22 04:39:21] POST data: Array
(
    [emailOrUsername] => annegonz
    [password] => bleu123
)

[2026-04-22 04:39:21] Attempting login for: annegonz
[2026-04-22 04:39:21] Checking admin table...
[2026-04-22 04:39:21] Admin query result: Not found
[2026-04-22 04:39:21] Checking users table...
[2026-04-22 04:39:21] User query rows found: 1
[2026-04-22 04:39:21] User found: nachtskie@gmail.com, Role: user
[2026-04-22 04:39:21] USER LOGIN SUCCESSFUL for: nachtskie@gmail.com
[2026-04-22 04:39:21] lg_switch_session_scope('user') called
[2026-04-22 04:39:21] New session ID: p29c4h33233tan5lhse4m7dhva
[2026-04-22 04:39:21] Redirecting to homepage
[2026-04-22 04:43:44] === LOGIN ATTEMPT START ===
[2026-04-22 04:43:44] POST data: Array
(
)

[2026-04-22 04:43:44] === LOGIN ATTEMPT END ===

[2026-04-22 04:43:48] === LOGIN ATTEMPT START ===
[2026-04-22 04:43:48] POST data: Array
(
    [emailOrUsername] => head@lookgoodframes.com
    [password] => HeadAdmin@2026
)

[2026-04-22 04:43:48] Attempting login for: head@lookgoodframes.com
[2026-04-22 04:43:48] Checking admin table...
[2026-04-22 04:43:48] Admin query result: Found: head@lookgoodframes.com
[2026-04-22 04:43:48] ADMIN LOGIN SUCCESSFUL for: head@lookgoodframes.com
[2026-04-22 04:43:48] lg_switch_session_scope('admin') called
[2026-04-22 04:43:48] New session ID: i9dthh9aktlfjsgufhbrgjku8f
[2026-04-22 04:43:48] Session written. admin_id=ADM-HEAD-001 position=head
[2026-04-22 04:43:48] Redirecting to admin dashboard
[2026-04-22 04:44:58] === LOGIN ATTEMPT START ===
[2026-04-22 04:44:58] POST data: Array
(
)

[2026-04-22 04:44:58] === LOGIN ATTEMPT END ===

[2026-04-22 04:46:08] === LOGIN ATTEMPT START ===
[2026-04-22 04:46:08] POST data: Array
(
)

[2026-04-22 04:46:08] === LOGIN ATTEMPT END ===

[2026-04-22 04:54:38] === LOGIN ATTEMPT START ===
[2026-04-22 04:54:38] POST data: Array
(
    [emailOrUsername] => bleuraia
    [password] => panda6789
)

[2026-04-22 04:54:38] Attempting login for: bleuraia
[2026-04-22 04:54:38] Checking admin table...
[2026-04-22 04:54:38] Admin query result: Not found
[2026-04-22 04:54:38] Checking users table...
[2026-04-22 04:54:38] User query rows found: 1
[2026-04-22 04:54:38] User found: bleuraia@gmail.com, Role: user
[2026-04-22 04:54:38] USER LOGIN SUCCESSFUL for: bleuraia@gmail.com
[2026-04-22 04:54:38] lg_switch_session_scope('user') called
[2026-04-22 04:54:38] New session ID: fpk3nmmssa5oehs94gssskrfoh
[2026-04-22 04:54:38] Redirecting to homepage
[2026-04-22 04:55:55] === LOGIN ATTEMPT START ===
[2026-04-22 04:55:55] POST data: Array
(
)

[2026-04-22 04:55:55] === LOGIN ATTEMPT END ===

[2026-04-22 04:55:58] === LOGIN ATTEMPT START ===
[2026-04-22 04:55:58] POST data: Array
(
    [emailOrUsername] => head@lookgoodframes.com
    [password] => HeadAdmin@2026
)

[2026-04-22 04:55:58] Attempting login for: head@lookgoodframes.com
[2026-04-22 04:55:58] Checking admin table...
[2026-04-22 04:55:58] Admin query result: Found: head@lookgoodframes.com
[2026-04-22 04:55:58] ADMIN LOGIN SUCCESSFUL for: head@lookgoodframes.com
[2026-04-22 04:55:58] lg_switch_session_scope('admin') called
[2026-04-22 04:55:58] New session ID: p3spodd21h59d1cc9t2cdl10aa
[2026-04-22 04:55:58] Session written. admin_id=ADM-HEAD-001 position=head
[2026-04-22 04:55:58] Redirecting to admin dashboard
[2026-04-22 04:56:32] === LOGIN ATTEMPT START ===
[2026-04-22 04:56:32] POST data: Array
(
)

[2026-04-22 04:56:32] === LOGIN ATTEMPT END ===

[2026-04-22 04:56:41] === LOGIN ATTEMPT START ===
[2026-04-22 04:56:41] POST data: Array
(
    [emailOrUsername] => annegonz
    [password] => bleu123
)

[2026-04-22 04:56:41] Attempting login for: annegonz
[2026-04-22 04:56:41] Checking admin table...
[2026-04-22 04:56:41] Admin query result: Not found
[2026-04-22 04:56:41] Checking users table...
[2026-04-22 04:56:41] User query rows found: 1
[2026-04-22 04:56:41] User found: nachtskie@gmail.com, Role: user
[2026-04-22 04:56:41] USER LOGIN SUCCESSFUL for: nachtskie@gmail.com
[2026-04-22 04:56:41] lg_switch_session_scope('user') called
[2026-04-22 04:56:41] New session ID: gmic9ms1l6qj12dphtqcfmh82i
[2026-04-22 04:56:41] Redirecting to homepage
[2026-04-22 04:58:16] === LOGIN ATTEMPT START ===
[2026-04-22 04:58:16] POST data: Array
(
)

[2026-04-22 04:58:16] === LOGIN ATTEMPT END ===

[2026-04-22 04:58:21] === LOGIN ATTEMPT START ===
[2026-04-22 04:58:21] POST data: Array
(
    [emailOrUsername] => head@lookgoodframes.com
    [password] => HeadAdmin@2026
    [remember] => on
)

[2026-04-22 04:58:21] Attempting login for: head@lookgoodframes.com
[2026-04-22 04:58:21] Checking admin table...
[2026-04-22 04:58:21] Admin query result: Found: head@lookgoodframes.com
[2026-04-22 04:58:21] ADMIN LOGIN SUCCESSFUL for: head@lookgoodframes.com
[2026-04-22 04:58:21] lg_switch_session_scope('admin') called
[2026-04-22 04:58:21] New session ID: ki94v82dfncmrbr85ogt6vj7fo
[2026-04-22 04:58:21] Session written. admin_id=ADM-HEAD-001 position=head
[2026-04-22 04:58:21] Redirecting to admin dashboard
[2026-04-22 05:00:57] === LOGIN ATTEMPT START ===
[2026-04-22 05:00:57] POST data: Array
(
)

[2026-04-22 05:00:57] === LOGIN ATTEMPT END ===

[2026-04-22 05:01:02] === LOGIN ATTEMPT START ===
[2026-04-22 05:01:02] POST data: Array
(
    [emailOrUsername] => bleuraia
    [password] => panda6789
)

[2026-04-22 05:01:02] Attempting login for: bleuraia
[2026-04-22 05:01:02] Checking admin table...
[2026-04-22 05:01:02] Admin query result: Not found
[2026-04-22 05:01:02] Checking users table...
[2026-04-22 05:01:02] User query rows found: 1
[2026-04-22 05:01:02] User found: bleuraia@gmail.com, Role: user
[2026-04-22 05:01:02] USER LOGIN SUCCESSFUL for: bleuraia@gmail.com
[2026-04-22 05:01:02] lg_switch_session_scope('user') called
[2026-04-22 05:01:02] New session ID: icghq5de83nrmfhgdjb3secnqs
[2026-04-22 05:01:02] Redirecting to homepage
[2026-04-22 05:26:00] === LOGIN ATTEMPT START ===
[2026-04-22 05:26:00] POST data: Array
(
)

[2026-04-22 05:26:00] === LOGIN ATTEMPT END ===

[2026-04-22 05:26:04] === LOGIN ATTEMPT START ===
[2026-04-22 05:26:04] POST data: Array
(
    [emailOrUsername] => head@lookgoodframes.com
    [password] => HeadAdmin@2026
)

[2026-04-22 05:26:04] Attempting login for: head@lookgoodframes.com
[2026-04-22 05:26:04] Checking admin table...
[2026-04-22 05:26:04] Admin query result: Found: head@lookgoodframes.com
[2026-04-22 05:26:05] ADMIN LOGIN SUCCESSFUL for: head@lookgoodframes.com
[2026-04-22 05:26:05] lg_switch_session_scope('admin') called
[2026-04-22 05:26:05] New session ID: oclkdppk21ooc8e365nrc1hp1g
[2026-04-22 05:26:05] Session written. admin_id=ADM-HEAD-001 position=head
[2026-04-22 05:26:05] Redirecting to admin dashboard
[2026-04-22 05:28:42] === LOGIN ATTEMPT START ===
[2026-04-22 05:28:42] POST data: Array
(
)

[2026-04-22 05:28:42] === LOGIN ATTEMPT END ===

[2026-04-22 05:28:53] === LOGIN ATTEMPT START ===
[2026-04-22 05:28:53] POST data: Array
(
    [emailOrUsername] => messages@lookgoodframes.com
    [password] => MsgAdmin@2026
)

[2026-04-22 05:28:53] Attempting login for: messages@lookgoodframes.com
[2026-04-22 05:28:53] Checking admin table...
[2026-04-22 05:28:53] Admin query result: Found: messages@lookgoodframes.com
[2026-04-22 05:28:53] ADMIN LOGIN SUCCESSFUL for: messages@lookgoodframes.com
[2026-04-22 05:28:53] lg_switch_session_scope('admin') called
[2026-04-22 05:28:53] New session ID: sstd322mrbhnk93bb06rbpc320
[2026-04-22 05:28:53] Session written. admin_id=ADM-MSG-001 position=message_feedbackAdmin
[2026-04-22 05:28:53] Redirecting to admin dashboard
[2026-04-22 05:29:19] === LOGIN ATTEMPT START ===
[2026-04-22 05:29:19] POST data: Array
(
)

[2026-04-22 05:29:19] === LOGIN ATTEMPT END ===

[2026-04-22 06:32:59] === LOGIN ATTEMPT START ===
[2026-04-22 06:32:59] POST data: Array
(
)

[2026-04-22 06:32:59] === LOGIN ATTEMPT END ===

[2026-04-22 06:33:49] === LOGIN ATTEMPT START ===
[2026-04-22 06:33:49] POST data: Array
(
)

[2026-04-22 06:33:49] === LOGIN ATTEMPT END ===

[2026-04-22 06:34:20] === LOGIN ATTEMPT START ===
[2026-04-22 06:34:20] POST data: Array
(
)

[2026-04-22 06:34:20] === LOGIN ATTEMPT END ===

[2026-04-22 06:35:11] === LOGIN ATTEMPT START ===
[2026-04-22 06:35:11] POST data: Array
(
)

[2026-04-22 06:35:11] === LOGIN ATTEMPT END ===

[2026-04-22 06:37:56] === LOGIN ATTEMPT START ===
[2026-04-22 06:37:56] POST data: Array
(
)

[2026-04-22 06:37:56] === LOGIN ATTEMPT END ===

[2026-04-22 06:40:55] === LOGIN ATTEMPT START ===
[2026-04-22 06:40:55] POST data: Array
(
)

[2026-04-22 06:40:55] === LOGIN ATTEMPT END ===

[2026-04-22 06:40:57] === LOGIN ATTEMPT START ===
[2026-04-22 06:40:57] POST data: Array
(
)

[2026-04-22 06:40:57] === LOGIN ATTEMPT END ===

[2026-04-22 06:41:57] === LOGIN ATTEMPT START ===
[2026-04-22 06:41:57] POST data: Array
(
)

[2026-04-22 06:41:57] === LOGIN ATTEMPT END ===

[2026-04-22 06:42:06] === LOGIN ATTEMPT START ===
[2026-04-22 06:42:06] POST data: Array
(
)

[2026-04-22 06:42:06] === LOGIN ATTEMPT END ===

[2026-04-22 06:42:23] === LOGIN ATTEMPT START ===
[2026-04-22 06:42:23] POST data: Array
(
)

[2026-04-22 06:42:23] === LOGIN ATTEMPT END ===

[2026-04-22 06:43:33] === LOGIN ATTEMPT START ===
[2026-04-22 06:43:33] POST data: Array
(
)

[2026-04-22 06:43:33] === LOGIN ATTEMPT END ===

[2026-04-22 06:44:09] === LOGIN ATTEMPT START ===
[2026-04-22 06:44:09] POST data: Array
(
)

[2026-04-22 06:44:09] === LOGIN ATTEMPT END ===

[2026-04-22 06:44:50] === LOGIN ATTEMPT START ===
[2026-04-22 06:44:50] POST data: Array
(
)

[2026-04-22 06:44:50] === LOGIN ATTEMPT END ===

[2026-04-22 07:00:05] === LOGIN ATTEMPT START ===
[2026-04-22 07:00:05] POST data: Array
(
)

[2026-04-22 07:00:05] === LOGIN ATTEMPT END ===

[2026-04-22 07:05:28] === LOGIN ATTEMPT START ===
[2026-04-22 07:05:28] POST data: Array
(
)

[2026-04-22 07:05:28] === LOGIN ATTEMPT END ===

[2026-04-22 07:07:57] === LOGIN ATTEMPT START ===
[2026-04-22 07:07:57] POST data: Array
(
)

[2026-04-22 07:07:57] === LOGIN ATTEMPT END ===

[2026-04-22 07:08:37] === LOGIN ATTEMPT START ===
[2026-04-22 07:08:37] POST data: Array
(
)

[2026-04-22 07:08:37] === LOGIN ATTEMPT END ===

[2026-04-22 07:09:10] === LOGIN ATTEMPT START ===
[2026-04-22 07:09:10] POST data: Array
(
)

[2026-04-22 07:09:10] === LOGIN ATTEMPT END ===

[2026-04-22 07:09:29] === LOGIN ATTEMPT START ===
[2026-04-22 07:09:29] POST data: Array
(
)

[2026-04-22 07:09:29] === LOGIN ATTEMPT END ===

[2026-04-22 07:23:37] === LOGIN ATTEMPT START ===
[2026-04-22 07:23:37] POST data: Array
(
)

[2026-04-22 07:23:37] === LOGIN ATTEMPT END ===

[2026-04-22 08:04:21] === LOGIN ATTEMPT START ===
[2026-04-22 08:04:21] POST data: Array
(
)

[2026-04-22 08:04:21] === LOGIN ATTEMPT END ===

[2026-04-22 08:04:25] === LOGIN ATTEMPT START ===
[2026-04-22 08:04:25] POST data: Array
(
    [emailOrUsername] => head@lookgoodframes.com
    [password] => HeadAdmin@2026
)

[2026-04-22 08:04:25] Attempting login for: head@lookgoodframes.com
[2026-04-22 08:04:25] Checking admin table...
[2026-04-22 08:04:25] Admin query result: Found: head@lookgoodframes.com
[2026-04-22 08:04:25] ADMIN LOGIN SUCCESSFUL for: head@lookgoodframes.com
[2026-04-22 08:04:25] lg_switch_session_scope('admin') called
[2026-04-22 08:04:25] New session ID: donrlr49l9rm8no3o65onh3vbn
[2026-04-22 08:04:25] Session written. admin_id=ADM-HEAD-001 position=head
[2026-04-22 08:04:25] Redirecting to admin dashboard
[2026-04-22 08:04:27] === LOGIN ATTEMPT START ===
[2026-04-22 08:04:27] POST data: Array
(
)

[2026-04-22 08:04:27] === LOGIN ATTEMPT END ===

[2026-04-22 08:04:35] === LOGIN ATTEMPT START ===
[2026-04-22 08:04:35] POST data: Array
(
    [emailOrUsername] => head@lookgoodframes.com
    [password] => HeadAdmin@2026
)

[2026-04-22 08:04:35] Attempting login for: head@lookgoodframes.com
[2026-04-22 08:04:35] Checking admin table...
[2026-04-22 08:04:35] Admin query result: Found: head@lookgoodframes.com
[2026-04-22 08:04:35] ADMIN LOGIN SUCCESSFUL for: head@lookgoodframes.com
[2026-04-22 08:04:35] lg_switch_session_scope('admin') called
[2026-04-22 08:04:35] New session ID: khifrp1o4mpq54ejthimolemm0
[2026-04-22 08:04:35] Session written. admin_id=ADM-HEAD-001 position=head
[2026-04-22 08:04:35] Redirecting to admin dashboard
[2026-04-22 08:04:55] === LOGIN ATTEMPT START ===
[2026-04-22 08:04:55] POST data: Array
(
)

[2026-04-22 08:04:55] === LOGIN ATTEMPT END ===

[2026-04-22 08:04:58] === LOGIN ATTEMPT START ===
[2026-04-22 08:04:58] POST data: Array
(
    [emailOrUsername] => head@lookgoodframes.com
    [password] => HeadAdmin@2026
)

[2026-04-22 08:04:58] Attempting login for: head@lookgoodframes.com
[2026-04-22 08:04:58] Checking admin table...
[2026-04-22 08:04:58] Admin query result: Found: head@lookgoodframes.com
[2026-04-22 08:04:58] ADMIN LOGIN SUCCESSFUL for: head@lookgoodframes.com
[2026-04-22 08:04:58] lg_switch_session_scope('admin') called
[2026-04-22 08:04:58] New session ID: soprsjraa6b557vrsdr6etk5p2
[2026-04-22 08:04:58] Session written. admin_id=ADM-HEAD-001 position=head
[2026-04-22 08:04:58] Redirecting to admin dashboard
[2026-04-22 08:10:06] === LOGIN ATTEMPT START ===
[2026-04-22 08:10:06] POST data: Array
(
)

[2026-04-22 08:10:06] === LOGIN ATTEMPT END ===

[2026-04-22 08:10:09] === LOGIN ATTEMPT START ===
[2026-04-22 08:10:09] POST data: Array
(
    [emailOrUsername] => head@lookgoodframes.com
    [password] => HeadAdmin@2026
)

[2026-04-22 08:10:09] Attempting login for: head@lookgoodframes.com
[2026-04-22 08:10:09] Checking admin table...
[2026-04-22 08:10:09] Admin query result: Found: head@lookgoodframes.com
[2026-04-22 08:10:09] ADMIN LOGIN SUCCESSFUL for: head@lookgoodframes.com
[2026-04-22 08:10:09] lg_switch_session_scope('admin') called
[2026-04-22 08:10:09] New session ID: 3l7em3ist6h36786vhiq5gb0mh
[2026-04-22 08:10:09] Session written. admin_id=ADM-HEAD-001 position=head
[2026-04-22 08:10:09] Redirecting to admin dashboard
[2026-04-22 08:10:12] === LOGIN ATTEMPT START ===
[2026-04-22 08:10:12] POST data: Array
(
)

[2026-04-22 08:10:12] === LOGIN ATTEMPT END ===

[2026-04-22 08:10:17] === LOGIN ATTEMPT START ===
[2026-04-22 08:10:17] POST data: Array
(
)

[2026-04-22 08:10:17] === LOGIN ATTEMPT END ===

[2026-04-22 08:10:22] === LOGIN ATTEMPT START ===
[2026-04-22 08:10:22] POST data: Array
(
    [emailOrUsername] => head@lookgoodframes.com
    [password] => HeadAdmin@2026
    [remember] => on
)

[2026-04-22 08:10:22] Attempting login for: head@lookgoodframes.com
[2026-04-22 08:10:22] Checking admin table...
[2026-04-22 08:10:22] Admin query result: Found: head@lookgoodframes.com
[2026-04-22 08:10:22] ADMIN LOGIN SUCCESSFUL for: head@lookgoodframes.com
[2026-04-22 08:10:22] lg_switch_session_scope('admin') called
[2026-04-22 08:10:22] New session ID: sltdepalqe440f76t2trai3143
[2026-04-22 08:10:22] Session written. admin_id=ADM-HEAD-001 position=head
[2026-04-22 08:10:22] Redirecting to admin dashboard
[2026-04-22 08:10:25] === LOGIN ATTEMPT START ===
[2026-04-22 08:10:25] POST data: Array
(
)

[2026-04-22 08:10:25] === LOGIN ATTEMPT END ===

[2026-04-22 08:10:37] === LOGIN ATTEMPT START ===
[2026-04-22 08:10:37] POST data: Array
(
    [emailOrUsername] => admin@lookgoodframes.com
    [password] => HeadAdmin@2026
    [remember] => on
)

[2026-04-22 08:10:37] Attempting login for: admin@lookgoodframes.com
[2026-04-22 08:10:37] Checking admin table...
[2026-04-22 08:10:37] Admin query result: Not found
[2026-04-22 08:10:37] Checking users table...
[2026-04-22 08:10:37] User query rows found: 1
[2026-04-22 08:10:37] User found: admin@lookgoodframes.com, Role: admin
[2026-04-22 08:10:37] Error: Invalid password
[2026-04-22 08:10:37] === LOGIN ATTEMPT END ===

[2026-04-22 08:10:45] === LOGIN ATTEMPT START ===
[2026-04-22 08:10:45] POST data: Array
(
    [emailOrUsername] => head@lookgoodframes.com
    [password] => HeadAdmin@2026
    [remember] => on
)

[2026-04-22 08:10:45] Attempting login for: head@lookgoodframes.com
[2026-04-22 08:10:45] Checking admin table...
[2026-04-22 08:10:45] Admin query result: Found: head@lookgoodframes.com
[2026-04-22 08:10:45] ADMIN LOGIN SUCCESSFUL for: head@lookgoodframes.com
[2026-04-22 08:10:45] lg_switch_session_scope('admin') called
[2026-04-22 08:10:45] New session ID: urg3ddcjcrbnn67ojmaqtolgas
[2026-04-22 08:10:45] Session written. admin_id=ADM-HEAD-001 position=head
[2026-04-22 08:10:45] Redirecting to admin dashboard
[2026-04-22 08:11:45] === LOGIN ATTEMPT START ===
[2026-04-22 08:11:45] POST data: Array
(
    [emailOrUsername] => admin@lookgoodframes.com
    [password] => HeadAdmin@2026
    [remember] => on
)

[2026-04-22 08:11:45] Attempting login for: admin@lookgoodframes.com
[2026-04-22 08:11:45] Checking admin table...
[2026-04-22 08:11:45] Admin query result: Not found
[2026-04-22 08:11:45] Checking users table...
[2026-04-22 08:11:45] User query rows found: 1
[2026-04-22 08:11:45] User found: admin@lookgoodframes.com, Role: admin
[2026-04-22 08:11:45] Error: Invalid password
[2026-04-22 08:11:45] === LOGIN ATTEMPT END ===

[2026-04-22 08:11:47] === LOGIN ATTEMPT START ===
[2026-04-22 08:11:47] POST data: Array
(
    [emailOrUsername] => head@lookgoodframes.com
    [password] => HeadAdmin@2026
    [remember] => on
)

[2026-04-22 08:11:47] Attempting login for: head@lookgoodframes.com
[2026-04-22 08:11:47] Checking admin table...
[2026-04-22 08:11:47] Admin query result: Found: head@lookgoodframes.com
[2026-04-22 08:11:47] ADMIN LOGIN SUCCESSFUL for: head@lookgoodframes.com
[2026-04-22 08:11:47] lg_switch_session_scope('admin') called
[2026-04-22 08:11:47] New session ID: g0jue5034rnfnb3d4dgtak6cju
[2026-04-22 08:11:47] Session written. admin_id=ADM-HEAD-001 position=head
[2026-04-22 08:11:47] Redirecting to admin dashboard
[2026-04-22 08:11:49] === LOGIN ATTEMPT START ===
[2026-04-22 08:11:49] POST data: Array
(
    [emailOrUsername] => admin@lookgoodframes.com
    [password] => HeadAdmin@2026
    [remember] => on
)

[2026-04-22 08:11:49] Attempting login for: admin@lookgoodframes.com
[2026-04-22 08:11:49] Checking admin table...
[2026-04-22 08:11:49] Admin query result: Not found
[2026-04-22 08:11:49] Checking users table...
[2026-04-22 08:11:49] User query rows found: 1
[2026-04-22 08:11:49] User found: admin@lookgoodframes.com, Role: admin
[2026-04-22 08:11:49] Error: Invalid password
[2026-04-22 08:11:49] === LOGIN ATTEMPT END ===

[2026-04-22 08:12:30] === LOGIN ATTEMPT START ===
[2026-04-22 08:12:30] POST data: Array
(
)

[2026-04-22 08:12:30] === LOGIN ATTEMPT END ===

[2026-04-22 08:12:33] === LOGIN ATTEMPT START ===
[2026-04-22 08:12:33] POST data: Array
(
    [emailOrUsername] => head@lookgoodframes.com
    [password] => HeadAdmin@2026
)

[2026-04-22 08:12:33] Attempting login for: head@lookgoodframes.com
[2026-04-22 08:12:33] Checking admin table...
[2026-04-22 08:12:33] Admin query result: Found: head@lookgoodframes.com
[2026-04-22 08:12:33] ADMIN LOGIN SUCCESSFUL for: head@lookgoodframes.com
[2026-04-22 08:12:33] lg_switch_session_scope('admin') called
[2026-04-22 08:12:33] New session ID: v9pj8isabfac1je1nb210mo0gq
[2026-04-22 08:12:33] Session written. admin_id=ADM-HEAD-001 position=head
[2026-04-22 08:12:33] Redirecting to admin dashboard
[2026-04-22 08:13:36] === LOGIN ATTEMPT START ===
[2026-04-22 08:13:36] POST data: Array
(
)

[2026-04-22 08:13:36] === LOGIN ATTEMPT END ===

[2026-04-22 08:13:39] === LOGIN ATTEMPT START ===
[2026-04-22 08:13:39] POST data: Array
(
    [emailOrUsername] => head@lookgoodframes.com
    [password] => HeadAdmin@2026
)

[2026-04-22 08:13:39] Attempting login for: head@lookgoodframes.com
[2026-04-22 08:13:39] Checking admin table...
[2026-04-22 08:13:39] Admin query result: Found: head@lookgoodframes.com
[2026-04-22 08:13:39] ADMIN LOGIN SUCCESSFUL for: head@lookgoodframes.com
[2026-04-22 08:13:39] lg_switch_session_scope('admin') called
[2026-04-22 08:13:39] New session ID: 0cropp5c2ckokn28raqbpruh0f
[2026-04-22 08:13:39] Session written. admin_id=ADM-HEAD-001 position=head
[2026-04-22 08:13:39] Redirecting to admin dashboard
[2026-04-22 08:15:54] === LOGIN ATTEMPT START ===
[2026-04-22 08:15:54] POST data: Array
(
)

[2026-04-22 08:15:54] === LOGIN ATTEMPT END ===

[2026-04-22 08:16:14] === LOGIN ATTEMPT START ===
[2026-04-22 08:16:14] POST data: Array
(
)

[2026-04-22 08:16:14] === LOGIN ATTEMPT END ===

[2026-04-22 08:16:16] === LOGIN ATTEMPT START ===
[2026-04-22 08:16:16] POST data: Array
(
    [emailOrUsername] => head@lookgoodframes.com
    [password] => HeadAdmin@2026
)

[2026-04-22 08:16:16] Attempting login for: head@lookgoodframes.com
[2026-04-22 08:16:16] Checking admin table...
[2026-04-22 08:16:16] Admin query result: Found: head@lookgoodframes.com
[2026-04-22 08:16:16] ADMIN LOGIN SUCCESSFUL for: head@lookgoodframes.com
[2026-04-22 08:16:16] lg_switch_session_scope('admin') called
[2026-04-22 08:16:16] New session ID: hapo98bg5pn17hr54v4teben36
[2026-04-22 08:16:16] Session written. admin_id=ADM-HEAD-001 position=head
[2026-04-22 08:16:16] Redirecting to admin dashboard
[2026-04-22 08:22:04] === LOGIN ATTEMPT START ===
[2026-04-22 08:22:04] POST data: Array
(
)

[2026-04-22 08:22:04] === LOGIN ATTEMPT END ===

[2026-04-22 08:22:06] === LOGIN ATTEMPT START ===
[2026-04-22 08:22:06] POST data: Array
(
    [emailOrUsername] => head@lookgoodframes.com
    [password] => HeadAdmin@2026
)

[2026-04-22 08:22:06] Attempting login for: head@lookgoodframes.com
[2026-04-22 08:22:06] Checking admin table...
[2026-04-22 08:22:06] Admin query result: Found: head@lookgoodframes.com
[2026-04-22 08:22:06] ADMIN LOGIN SUCCESSFUL for: head@lookgoodframes.com
[2026-04-22 08:22:06] lg_switch_session_scope('admin') called
[2026-04-22 08:22:06] New session ID: gh6jg8nq8uaciaej7f1pghg3u3
[2026-04-22 08:22:06] Session written. admin_id=ADM-HEAD-001 position=head
[2026-04-22 08:22:06] Redirecting to admin dashboard
[2026-04-22 08:22:25] === LOGIN ATTEMPT START ===
[2026-04-22 08:22:25] POST data: Array
(
)

[2026-04-22 08:22:25] === LOGIN ATTEMPT END ===

[2026-04-22 08:22:25] === LOGIN ATTEMPT START ===
[2026-04-22 08:22:25] POST data: Array
(
)

[2026-04-22 08:22:25] === LOGIN ATTEMPT END ===

[2026-04-22 08:22:29] === LOGIN ATTEMPT START ===
[2026-04-22 08:22:29] POST data: Array
(
)

[2026-04-22 08:22:29] === LOGIN ATTEMPT END ===

[2026-04-22 08:22:34] === LOGIN ATTEMPT START ===
[2026-04-22 08:22:34] POST data: Array
(
    [emailOrUsername] => head@lookgoodframes.com
    [password] => HeadAdmin@2026s
)

[2026-04-22 08:22:34] Attempting login for: head@lookgoodframes.com
[2026-04-22 08:22:34] Checking admin table...
[2026-04-22 08:22:34] Admin query result: Found: head@lookgoodframes.com
[2026-04-22 08:22:34] Checking users table...
[2026-04-22 08:22:34] User query rows found: 0
[2026-04-22 08:22:34] Error: No user account found
[2026-04-22 08:22:34] === LOGIN ATTEMPT END ===

[2026-04-22 08:22:36] === LOGIN ATTEMPT START ===
[2026-04-22 08:22:36] POST data: Array
(
    [emailOrUsername] => head@lookgoodframes.com
    [password] => HeadAdmin@202
)

[2026-04-22 08:22:36] Attempting login for: head@lookgoodframes.com
[2026-04-22 08:22:36] Checking admin table...
[2026-04-22 08:22:36] Admin query result: Found: head@lookgoodframes.com
[2026-04-22 08:22:36] Checking users table...
[2026-04-22 08:22:36] User query rows found: 0
[2026-04-22 08:22:36] Error: No user account found
[2026-04-22 08:22:36] === LOGIN ATTEMPT END ===

[2026-04-22 08:22:50] === LOGIN ATTEMPT START ===
[2026-04-22 08:22:50] POST data: Array
(
    [emailOrUsername] => head@lookgoodframes.com
    [password] => HeadAdmin@2026
)

[2026-04-22 08:22:50] Attempting login for: head@lookgoodframes.com
[2026-04-22 08:22:50] Checking admin table...
[2026-04-22 08:22:50] Admin query result: Found: head@lookgoodframes.com
[2026-04-22 08:22:50] ADMIN LOGIN SUCCESSFUL for: head@lookgoodframes.com
[2026-04-22 08:22:50] lg_switch_session_scope('admin') called
[2026-04-22 08:22:50] New session ID: bdkmegv23v3mibnvsh47cmdd1m
[2026-04-22 08:22:50] Session written. admin_id=ADM-HEAD-001 position=head
[2026-04-22 08:22:50] Redirecting to admin dashboard
[2026-04-22 08:23:42] === LOGIN ATTEMPT START ===
[2026-04-22 08:23:42] POST data: Array
(
)

[2026-04-22 08:23:42] === LOGIN ATTEMPT END ===

[2026-04-22 08:23:49] === LOGIN ATTEMPT START ===
[2026-04-22 08:23:49] POST data: Array
(
)

[2026-04-22 08:23:49] === LOGIN ATTEMPT END ===

[2026-04-22 08:23:52] === LOGIN ATTEMPT START ===
[2026-04-22 08:23:52] POST data: Array
(
)

[2026-04-22 08:23:52] === LOGIN ATTEMPT END ===

[2026-04-22 08:23:57] === LOGIN ATTEMPT START ===
[2026-04-22 08:23:57] POST data: Array
(
)

[2026-04-22 08:23:57] === LOGIN ATTEMPT END ===

[2026-04-22 08:23:59] === LOGIN ATTEMPT START ===
[2026-04-22 08:23:59] POST data: Array
(
    [emailOrUsername] => head@lookgoodframes.com
    [password] => HeadAdmin@2026
)

[2026-04-22 08:23:59] Attempting login for: head@lookgoodframes.com
[2026-04-22 08:23:59] Checking admin table...
[2026-04-22 08:23:59] Admin query result: Found: head@lookgoodframes.com
[2026-04-22 08:23:59] ADMIN LOGIN SUCCESSFUL for: head@lookgoodframes.com
[2026-04-22 08:23:59] lg_switch_session_scope('admin') called
[2026-04-22 08:23:59] New session ID: e86eertdjcib9kih3o8peoq4d8
[2026-04-22 08:23:59] Session written. admin_id=ADM-HEAD-001 position=head
[2026-04-22 08:23:59] Redirecting to admin dashboard
[2026-04-22 08:24:09] === LOGIN ATTEMPT START ===
[2026-04-22 08:24:09] POST data: Array
(
)

[2026-04-22 08:24:09] === LOGIN ATTEMPT END ===

[2026-04-22 08:25:20] === LOGIN ATTEMPT START ===
[2026-04-22 08:25:20] POST data: Array
(
    [emailOrUsername] => bleuraia
    [password] => panda6789
    [remember] => on
)

[2026-04-22 08:25:20] Attempting login for: bleuraia
[2026-04-22 08:25:20] Checking admin table...
[2026-04-22 08:25:20] Admin query result: Not found
[2026-04-22 08:25:20] Checking users table...
[2026-04-22 08:25:20] User query rows found: 1
[2026-04-22 08:25:20] User found: bleuraia@gmail.com, Role: user
[2026-04-22 08:25:20] USER LOGIN SUCCESSFUL for: bleuraia@gmail.com
[2026-04-22 08:25:20] lg_switch_session_scope('user') called
[2026-04-22 08:25:20] New session ID: mhe74ld1ilsevlfkaev6lpgmdb
[2026-04-22 08:25:20] Redirecting to homepage
[2026-04-22 08:25:23] === LOGIN ATTEMPT START ===
[2026-04-22 08:25:23] POST data: Array
(
)

[2026-04-22 08:25:23] === LOGIN ATTEMPT END ===

[2026-04-22 08:26:07] === LOGIN ATTEMPT START ===
[2026-04-22 08:26:07] POST data: Array
(
)

[2026-04-22 08:26:07] === LOGIN ATTEMPT END ===

[2026-04-22 08:26:11] === LOGIN ATTEMPT START ===
[2026-04-22 08:26:11] POST data: Array
(
    [emailOrUsername] => annegonz
    [password] => bleu123
)

[2026-04-22 08:26:11] Attempting login for: annegonz
[2026-04-22 08:26:11] Checking admin table...
[2026-04-22 08:26:11] Admin query result: Not found
[2026-04-22 08:26:11] Checking users table...
[2026-04-22 08:26:11] User query rows found: 1
[2026-04-22 08:26:11] User found: nachtskie@gmail.com, Role: user
[2026-04-22 08:26:12] USER LOGIN SUCCESSFUL for: nachtskie@gmail.com
[2026-04-22 08:26:12] lg_switch_session_scope('user') called
[2026-04-22 08:26:12] New session ID: 69ea2ntfh3ianm6pghqorb2r9m
[2026-04-22 08:26:12] Redirecting to homepage
[2026-04-22 08:46:51] === LOGIN ATTEMPT START ===
[2026-04-22 08:46:51] POST data: Array
(
)

[2026-04-22 08:46:51] === LOGIN ATTEMPT END ===

[2026-04-22 08:47:48] === LOGIN ATTEMPT START ===
[2026-04-22 08:47:48] POST data: Array
(
)

[2026-04-22 08:47:48] === LOGIN ATTEMPT END ===

[2026-04-22 08:49:13] === LOGIN ATTEMPT START ===
[2026-04-22 08:49:13] POST data: Array
(
    [emailOrUsername] => head@lookgoodframes.com
    [password] => HeadAdmin@2026
)

[2026-04-22 08:49:13] Attempting login for: head@lookgoodframes.com
[2026-04-22 08:49:13] Checking admin table...
[2026-04-22 08:49:13] Admin query result: Found: head@lookgoodframes.com
[2026-04-22 08:49:13] ADMIN LOGIN SUCCESSFUL for: head@lookgoodframes.com
[2026-04-22 08:49:13] lg_switch_session_scope('admin') called
[2026-04-22 08:49:13] New session ID: 8c24o0vt6tl8oq2d3aekj0h4u0
[2026-04-22 08:49:13] Session written. admin_id=ADM-HEAD-001 position=head
[2026-04-22 08:49:13] Redirecting to admin dashboard
[2026-04-22 08:55:41] === LOGIN ATTEMPT START ===
[2026-04-22 08:55:41] POST data: Array
(
)

[2026-04-22 08:55:41] === LOGIN ATTEMPT END ===

[2026-04-22 08:55:44] === LOGIN ATTEMPT START ===
[2026-04-22 08:55:44] POST data: Array
(
    [emailOrUsername] => head@lookgoodframes.com
    [password] => HeadAdmin@2026
)

[2026-04-22 08:55:44] Attempting login for: head@lookgoodframes.com
[2026-04-22 08:55:44] Checking admin table...
[2026-04-22 08:55:44] Admin query result: Found: head@lookgoodframes.com
[2026-04-22 08:55:44] ADMIN LOGIN SUCCESSFUL for: head@lookgoodframes.com
[2026-04-22 08:55:44] lg_switch_session_scope('admin') called
[2026-04-22 08:55:44] New session ID: 238qsctdr7cfaqada7gnn46imo
[2026-04-22 08:55:44] Session written. admin_id=ADM-HEAD-001 position=head
[2026-04-22 08:55:44] Redirecting to admin dashboard
[2026-04-22 09:26:46] === LOGIN ATTEMPT START ===
[2026-04-22 09:26:46] POST data: Array
(
)

[2026-04-22 09:26:46] === LOGIN ATTEMPT END ===

[2026-04-22 09:26:50] === LOGIN ATTEMPT START ===
[2026-04-22 09:26:50] POST data: Array
(
    [emailOrUsername] => bleuraia
    [password] => panda6789
)

[2026-04-22 09:26:50] Attempting login for: bleuraia
[2026-04-22 09:26:50] Checking admin table...
[2026-04-22 09:26:50] Admin query result: Not found
[2026-04-22 09:26:50] Checking users table...
[2026-04-22 09:26:50] User query rows found: 1
[2026-04-22 09:26:50] User found: bleuraia@gmail.com, Role: user
[2026-04-22 09:26:50] USER LOGIN SUCCESSFUL for: bleuraia@gmail.com
[2026-04-22 09:26:50] lg_switch_session_scope('user') called
[2026-04-22 09:26:50] New session ID: l55gmcu19gvomio4kqurnera5e
[2026-04-22 09:26:50] Redirecting to homepage
[2026-04-22 09:32:55] === LOGIN ATTEMPT START ===
[2026-04-22 09:32:55] POST data: Array
(
)

[2026-04-22 09:32:55] === LOGIN ATTEMPT END ===

[2026-04-22 09:33:06] === LOGIN ATTEMPT START ===
[2026-04-22 09:33:06] POST data: Array
(
    [emailOrUsername] => bleuraia
    [password] => panda6789w
    [remember] => on
)

[2026-04-22 09:33:06] Attempting login for: bleuraia
[2026-04-22 09:33:06] Checking admin table...
[2026-04-22 09:33:06] Admin query result: Not found
[2026-04-22 09:33:06] Checking users table...
[2026-04-22 09:33:06] User query rows found: 1
[2026-04-22 09:33:06] User found: bleuraia@gmail.com, Role: user
[2026-04-22 09:33:06] Error: Invalid password
[2026-04-22 09:33:06] === LOGIN ATTEMPT END ===

[2026-04-22 09:33:56] === LOGIN ATTEMPT START ===
[2026-04-22 09:33:56] POST data: Array
(
)

[2026-04-22 09:33:56] === LOGIN ATTEMPT END ===

[2026-04-22 09:34:03] === LOGIN ATTEMPT START ===
[2026-04-22 09:34:03] POST data: Array
(
    [emailOrUsername] => bleuraia
    [password] => panda6789
)

[2026-04-22 09:34:03] Attempting login for: bleuraia
[2026-04-22 09:34:03] Checking admin table...
[2026-04-22 09:34:03] Admin query result: Not found
[2026-04-22 09:34:03] Checking users table...
[2026-04-22 09:34:03] User query rows found: 1
[2026-04-22 09:34:03] User found: bleuraia@gmail.com, Role: user
[2026-04-22 09:34:03] Error: Invalid password
[2026-04-22 09:34:03] === LOGIN ATTEMPT END ===

[2026-04-22 09:34:10] === LOGIN ATTEMPT START ===
[2026-04-22 09:34:10] POST data: Array
(
    [emailOrUsername] => bleuraia
    [password] => nakakaloka123
)

[2026-04-22 09:34:10] Attempting login for: bleuraia
[2026-04-22 09:34:10] Checking admin table...
[2026-04-22 09:34:10] Admin query result: Not found
[2026-04-22 09:34:10] Checking users table...
[2026-04-22 09:34:10] User query rows found: 1
[2026-04-22 09:34:10] User found: bleuraia@gmail.com, Role: user
[2026-04-22 09:34:10] USER LOGIN SUCCESSFUL for: bleuraia@gmail.com
[2026-04-22 09:34:10] lg_switch_session_scope('user') called
[2026-04-22 09:34:10] New session ID: fqdlk6rv2302ecithbj8ditsi3
[2026-04-22 09:34:10] Redirecting to homepage
[2026-04-22 09:34:13] === LOGIN ATTEMPT START ===
[2026-04-22 09:34:13] POST data: Array
(
)

[2026-04-22 09:34:13] === LOGIN ATTEMPT END ===

[2026-04-22 09:42:57] === LOGIN ATTEMPT START ===
[2026-04-22 09:42:57] POST data: Array
(
)

[2026-04-22 09:42:57] === LOGIN ATTEMPT END ===

[2026-04-22 09:43:22] === LOGIN ATTEMPT START ===
[2026-04-22 09:43:22] POST data: Array
(
)

[2026-04-22 09:43:22] === LOGIN ATTEMPT END ===

[2026-04-22 09:43:26] === LOGIN ATTEMPT START ===
[2026-04-22 09:43:26] POST data: Array
(
)

[2026-04-22 09:43:26] === LOGIN ATTEMPT END ===

[2026-04-22 10:18:41] === LOGIN ATTEMPT START ===
[2026-04-22 10:18:41] POST data: Array
(
)

[2026-04-22 10:18:41] === LOGIN ATTEMPT END ===

[2026-04-22 11:00:46] === LOGIN ATTEMPT START ===
[2026-04-22 11:00:46] POST data: Array
(
)

[2026-04-22 11:00:46] === LOGIN ATTEMPT END ===

[2026-04-22 11:01:00] === LOGIN ATTEMPT START ===
[2026-04-22 11:01:00] POST data: Array
(
)

[2026-04-22 11:01:00] === LOGIN ATTEMPT END ===

[2026-04-22 11:04:11] === LOGIN ATTEMPT START ===
[2026-04-22 11:04:11] POST data: Array
(
)

[2026-04-22 11:04:11] === LOGIN ATTEMPT END ===

[2026-04-22 11:06:14] === LOGIN ATTEMPT START ===
[2026-04-22 11:06:14] POST data: Array
(
)

[2026-04-22 11:06:14] === LOGIN ATTEMPT END ===

[2026-04-22 11:06:17] === LOGIN ATTEMPT START ===
[2026-04-22 11:06:17] POST data: Array
(
)

[2026-04-22 11:06:17] === LOGIN ATTEMPT END ===

[2026-04-22 11:06:33] === LOGIN ATTEMPT START ===
[2026-04-22 11:06:33] POST data: Array
(
)

[2026-04-22 11:06:33] === LOGIN ATTEMPT END ===

[2026-04-22 11:07:00] === LOGIN ATTEMPT START ===
[2026-04-22 11:07:00] POST data: Array
(
)

[2026-04-22 11:07:00] === LOGIN ATTEMPT END ===

[2026-04-22 11:08:21] === LOGIN ATTEMPT START ===
[2026-04-22 11:08:21] POST data: Array
(
)

[2026-04-22 11:08:21] === LOGIN ATTEMPT END ===

[2026-04-22 11:08:36] === LOGIN ATTEMPT START ===
[2026-04-22 11:08:36] POST data: Array
(
)

[2026-04-22 11:08:36] === LOGIN ATTEMPT END ===

[2026-04-22 11:08:47] === LOGIN ATTEMPT START ===
[2026-04-22 11:08:47] POST data: Array
(
)

[2026-04-22 11:08:47] === LOGIN ATTEMPT END ===

[2026-04-22 11:10:54] === LOGIN ATTEMPT START ===
[2026-04-22 11:10:54] POST data: Array
(
)

[2026-04-22 11:10:54] === LOGIN ATTEMPT END ===

[2026-04-22 11:10:58] === LOGIN ATTEMPT START ===
[2026-04-22 11:10:58] POST data: Array
(
)

[2026-04-22 11:10:58] === LOGIN ATTEMPT END ===

[2026-04-22 11:11:07] === LOGIN ATTEMPT START ===
[2026-04-22 11:11:07] POST data: Array
(
)

[2026-04-22 11:11:07] === LOGIN ATTEMPT END ===

[2026-04-22 11:11:34] === LOGIN ATTEMPT START ===
[2026-04-22 11:11:34] POST data: Array
(
)

[2026-04-22 11:11:34] === LOGIN ATTEMPT END ===

[2026-04-22 11:11:56] === LOGIN ATTEMPT START ===
[2026-04-22 11:11:56] POST data: Array
(
)

[2026-04-22 11:11:56] === LOGIN ATTEMPT END ===

[2026-04-22 12:47:23] === LOGIN ATTEMPT START ===
[2026-04-22 12:47:23] POST data: Array
(
)

[2026-04-22 12:47:23] === LOGIN ATTEMPT END ===

[2026-04-22 12:47:31] === LOGIN ATTEMPT START ===
[2026-04-22 12:47:31] POST data: Array
(
    [emailOrUsername] => edrianhalili@gmail.com
    [password] => 111111
)

[2026-04-22 12:47:31] Attempting login for: edrianhalili@gmail.com
[2026-04-22 12:47:31] Checking admin table...
[2026-04-22 12:47:32] Admin query result: Not found
[2026-04-22 12:47:32] Checking users table...
[2026-04-22 12:47:32] User query rows found: 1
[2026-04-22 12:47:32] User found: edrianhalili@gmail.com, Role: user
[2026-04-22 12:47:32] USER LOGIN SUCCESSFUL for: edrianhalili@gmail.com
[2026-04-22 12:47:32] lg_switch_session_scope('user') called
[2026-04-22 12:47:32] New session ID: 5gnd4h9i7a8us4cu4hk20hfbnc
[2026-04-22 12:47:32] Redirecting to homepage
[2026-04-22 12:47:53] === LOGIN ATTEMPT START ===
[2026-04-22 12:47:53] POST data: Array
(
)

[2026-04-22 12:47:53] === LOGIN ATTEMPT END ===

[2026-04-22 12:48:09] === LOGIN ATTEMPT START ===
[2026-04-22 12:48:09] POST data: Array
(
    [emailOrUsername] => head@lookgoodframes.com
    [password] => HeadAdmin@2026
)

[2026-04-22 12:48:09] Attempting login for: head@lookgoodframes.com
[2026-04-22 12:48:09] Checking admin table...
[2026-04-22 12:48:09] Admin query result: Found: head@lookgoodframes.com
[2026-04-22 12:48:09] ADMIN LOGIN SUCCESSFUL for: head@lookgoodframes.com
[2026-04-22 12:48:09] lg_switch_session_scope('admin') called
[2026-04-22 12:48:09] New session ID: lpfim8k9f4kbevbml8ogv830lt
[2026-04-22 12:48:09] Session written. admin_id=ADM-HEAD-001 position=head
[2026-04-22 12:48:09] Redirecting to admin dashboard
[2026-04-22 12:48:52] === LOGIN ATTEMPT START ===
[2026-04-22 12:48:52] POST data: Array
(
)

[2026-04-22 12:48:52] === LOGIN ATTEMPT END ===

[2026-04-22 12:49:03] === LOGIN ATTEMPT START ===
[2026-04-22 12:49:03] POST data: Array
(
    [emailOrUsername] => head@lookgoodframes.com
    [password] => HeadAdmin@2026
)

[2026-04-22 12:49:03] Attempting login for: head@lookgoodframes.com
[2026-04-22 12:49:03] Checking admin table...
[2026-04-22 12:49:03] Admin query result: Found: head@lookgoodframes.com
[2026-04-22 12:49:03] ADMIN LOGIN SUCCESSFUL for: head@lookgoodframes.com
[2026-04-22 12:49:03] lg_switch_session_scope('admin') called
[2026-04-22 12:49:03] New session ID: 1fn1apbdr3la6ieqh3veo315i8
[2026-04-22 12:49:03] Session written. admin_id=ADM-HEAD-001 position=head
[2026-04-22 12:49:03] Redirecting to admin dashboard
[2026-04-22 12:49:39] === LOGIN ATTEMPT START ===
[2026-04-22 12:49:39] POST data: Array
(
)

[2026-04-22 12:49:39] === LOGIN ATTEMPT END ===

[2026-04-22 12:49:44] === LOGIN ATTEMPT START ===
[2026-04-22 12:49:44] POST data: Array
(
    [emailOrUsername] => edrianhalili@gmail.com
    [password] => 111111
)

[2026-04-22 12:49:44] Attempting login for: edrianhalili@gmail.com
[2026-04-22 12:49:44] Checking admin table...
[2026-04-22 12:49:44] Admin query result: Not found
[2026-04-22 12:49:44] Checking users table...
[2026-04-22 12:49:44] User query rows found: 1
[2026-04-22 12:49:44] User found: edrianhalili@gmail.com, Role: user
[2026-04-22 12:49:44] USER LOGIN SUCCESSFUL for: edrianhalili@gmail.com
[2026-04-22 12:49:44] lg_switch_session_scope('user') called
[2026-04-22 12:49:44] New session ID: uf2nsk1sdd3c7uvfj42ghjg3sa
[2026-04-22 12:49:44] Redirecting to homepage
[2026-04-22 12:50:05] === LOGIN ATTEMPT START ===
[2026-04-22 12:50:05] POST data: Array
(
)

[2026-04-22 12:50:05] === LOGIN ATTEMPT END ===

[2026-04-22 12:50:18] === LOGIN ATTEMPT START ===
[2026-04-22 12:50:18] POST data: Array
(
    [emailOrUsername] => inventory@lookgoodframes.com
    [password] => InvAdmin@2026
)

[2026-04-22 12:50:18] Attempting login for: inventory@lookgoodframes.com
[2026-04-22 12:50:18] Checking admin table...
[2026-04-22 12:50:18] Admin query result: Found: inventory@lookgoodframes.com
[2026-04-22 12:50:18] ADMIN LOGIN SUCCESSFUL for: inventory@lookgoodframes.com
[2026-04-22 12:50:18] lg_switch_session_scope('admin') called
[2026-04-22 12:50:18] New session ID: i4es902na2mbg6bv65usrv37jg
[2026-04-22 12:50:18] Session written. admin_id=ADM-INV-001 position=inventory_orderAdmin
[2026-04-22 12:50:18] Redirecting to admin dashboard
[2026-04-22 13:05:33] === LOGIN ATTEMPT START ===
[2026-04-22 13:05:33] POST data: Array
(
)

[2026-04-22 13:05:33] === LOGIN ATTEMPT END ===

[2026-04-22 13:05:37] === LOGIN ATTEMPT START ===
[2026-04-22 13:05:37] POST data: Array
(
    [emailOrUsername] => edrianhalili@gmail.com
    [password] => 111111
)

[2026-04-22 13:05:37] Attempting login for: edrianhalili@gmail.com
[2026-04-22 13:05:37] Checking admin table...
[2026-04-22 13:05:37] Admin query result: Not found
[2026-04-22 13:05:37] Checking users table...
[2026-04-22 13:05:37] User query rows found: 1
[2026-04-22 13:05:37] User found: edrianhalili@gmail.com, Role: user
[2026-04-22 13:05:37] USER LOGIN SUCCESSFUL for: edrianhalili@gmail.com
[2026-04-22 13:05:37] lg_switch_session_scope('user') called
[2026-04-22 13:05:37] New session ID: dtmspm3m8a7folvlgkr8u90740
[2026-04-22 13:05:37] Redirecting to homepage
[2026-04-22 13:28:28] === LOGIN ATTEMPT START ===
[2026-04-22 13:28:28] POST data: Array
(
)

[2026-04-22 13:28:28] === LOGIN ATTEMPT END ===

[2026-04-22 13:28:34] === LOGIN ATTEMPT START ===
[2026-04-22 13:28:34] POST data: Array
(
    [emailOrUsername] => edrianhalili@gmail.com
    [password] => 111111
)

[2026-04-22 13:28:34] Attempting login for: edrianhalili@gmail.com
[2026-04-22 13:28:34] Checking admin table...
[2026-04-22 13:28:34] Admin query result: Not found
[2026-04-22 13:28:34] Checking users table...
[2026-04-22 13:28:34] User query rows found: 1
[2026-04-22 13:28:34] User found: edrianhalili@gmail.com, Role: user
[2026-04-22 13:28:34] USER LOGIN SUCCESSFUL for: edrianhalili@gmail.com
[2026-04-22 13:28:34] lg_switch_session_scope('user') called
[2026-04-22 13:28:34] New session ID: slbhrn8u6hgqnij1aqfbchm8ht
[2026-04-22 13:28:34] Redirecting to homepage
[2026-04-22 13:32:47] === LOGIN ATTEMPT START ===
[2026-04-22 13:32:47] POST data: Array
(
)

[2026-04-22 13:32:47] === LOGIN ATTEMPT END ===

[2026-04-22 13:32:51] === LOGIN ATTEMPT START ===
[2026-04-22 13:32:51] POST data: Array
(
    [emailOrUsername] => edrianhalili@gmail.com
    [password] => 111111
)

[2026-04-22 13:32:51] Attempting login for: edrianhalili@gmail.com
[2026-04-22 13:32:51] Checking admin table...
[2026-04-22 13:32:51] Admin query result: Not found
[2026-04-22 13:32:51] Checking users table...
[2026-04-22 13:32:51] User query rows found: 1
[2026-04-22 13:32:51] User found: edrianhalili@gmail.com, Role: user
[2026-04-22 13:32:51] USER LOGIN SUCCESSFUL for: edrianhalili@gmail.com
[2026-04-22 13:32:51] lg_switch_session_scope('user') called
[2026-04-22 13:32:51] New session ID: eo8qdc2lk9aif36g86a1g6fbnm
[2026-04-22 13:32:51] Redirecting to homepage
[2026-04-22 13:34:30] === LOGIN ATTEMPT START ===
[2026-04-22 13:34:30] POST data: Array
(
)

[2026-04-22 13:34:30] === LOGIN ATTEMPT END ===

[2026-04-22 13:34:41] === LOGIN ATTEMPT START ===
[2026-04-22 13:34:41] POST data: Array
(
    [emailOrUsername] => head@lookgoodframes.com
    [password] => HeadAdmin@2026
)

[2026-04-22 13:34:41] Attempting login for: head@lookgoodframes.com
[2026-04-22 13:34:41] Checking admin table...
[2026-04-22 13:34:41] Admin query result: Found: head@lookgoodframes.com
[2026-04-22 13:34:41] ADMIN LOGIN SUCCESSFUL for: head@lookgoodframes.com
[2026-04-22 13:34:41] lg_switch_session_scope('admin') called
[2026-04-22 13:34:41] New session ID: k6tas09nhnutm1bs6k36itp0bj
[2026-04-22 13:34:41] Session written. admin_id=ADM-HEAD-001 position=head
[2026-04-22 13:34:41] Redirecting to admin dashboard
[2026-04-22 13:40:52] === LOGIN ATTEMPT START ===
[2026-04-22 13:40:52] POST data: Array
(
)

[2026-04-22 13:40:52] === LOGIN ATTEMPT END ===

[2026-04-22 13:40:57] === LOGIN ATTEMPT START ===
[2026-04-22 13:40:57] POST data: Array
(
    [emailOrUsername] => edrianhalili@gmail.com
    [password] => 111111
)

[2026-04-22 13:40:57] Attempting login for: edrianhalili@gmail.com
[2026-04-22 13:40:57] Checking admin table...
[2026-04-22 13:40:57] Admin query result: Not found
[2026-04-22 13:40:57] Checking users table...
[2026-04-22 13:40:57] User query rows found: 1
[2026-04-22 13:40:57] User found: edrianhalili@gmail.com, Role: user
[2026-04-22 13:40:57] USER LOGIN SUCCESSFUL for: edrianhalili@gmail.com
[2026-04-22 13:40:57] lg_switch_session_scope('user') called
[2026-04-22 13:40:57] New session ID: 47vngqfm8snsc0lrhplblfcpdo
[2026-04-22 13:40:57] Redirecting to homepage
[2026-04-22 13:41:11] === LOGIN ATTEMPT START ===
[2026-04-22 13:41:11] POST data: Array
(
)

[2026-04-22 13:41:11] === LOGIN ATTEMPT END ===

[2026-04-22 13:41:18] === LOGIN ATTEMPT START ===
[2026-04-22 13:41:18] POST data: Array
(
    [emailOrUsername] => h
    [password] => 11
)

[2026-04-22 13:41:18] Attempting login for: h
[2026-04-22 13:41:18] Error: Password too short
[2026-04-22 13:41:18] === LOGIN ATTEMPT END ===

[2026-04-22 13:41:28] === LOGIN ATTEMPT START ===
[2026-04-22 13:41:28] POST data: Array
(
    [emailOrUsername] => head@lookgoodframes.com
    [password] => HeadAdmin@2026
)

[2026-04-22 13:41:28] Attempting login for: head@lookgoodframes.com
[2026-04-22 13:41:28] Checking admin table...
[2026-04-22 13:41:28] Admin query result: Found: head@lookgoodframes.com
[2026-04-22 13:41:28] ADMIN LOGIN SUCCESSFUL for: head@lookgoodframes.com
[2026-04-22 13:41:28] lg_switch_session_scope('admin') called
[2026-04-22 13:41:28] New session ID: a85poprggr7c3fj90dfbqpaama
[2026-04-22 13:41:28] Session written. admin_id=ADM-HEAD-001 position=head
[2026-04-22 13:41:28] Redirecting to admin dashboard
[2026-04-22 14:39:18] === LOGIN ATTEMPT START ===
[2026-04-22 14:39:18] POST data: Array
(
)

[2026-04-22 14:39:18] === LOGIN ATTEMPT END ===

[2026-04-22 14:39:22] === LOGIN ATTEMPT START ===
[2026-04-22 14:39:22] POST data: Array
(
    [emailOrUsername] => edrianhalili@gmail.com
    [password] => 111111
)

[2026-04-22 14:39:22] Attempting login for: edrianhalili@gmail.com
[2026-04-22 14:39:22] Checking admin table...
[2026-04-22 14:39:22] Admin query result: Not found
[2026-04-22 14:39:22] Checking users table...
[2026-04-22 14:39:22] User query rows found: 1
[2026-04-22 14:39:22] User found: edrianhalili@gmail.com, Role: user
[2026-04-22 14:39:22] USER LOGIN SUCCESSFUL for: edrianhalili@gmail.com
[2026-04-22 14:39:22] lg_switch_session_scope('user') called
[2026-04-22 14:39:22] New session ID: 940j3v6akj2q37jqd4pdbs4id8
[2026-04-22 14:39:22] Redirecting to homepage
[2026-04-22 14:39:31] === LOGIN ATTEMPT START ===
[2026-04-22 14:39:31] POST data: Array
(
)

[2026-04-22 14:39:31] === LOGIN ATTEMPT END ===

[2026-04-22 14:40:01] === LOGIN ATTEMPT START ===
[2026-04-22 14:40:01] POST data: Array
(
)

[2026-04-22 14:40:01] === LOGIN ATTEMPT END ===

[2026-04-22 14:40:05] === LOGIN ATTEMPT START ===
[2026-04-22 14:40:05] POST data: Array
(
    [emailOrUsername] => edrianhalili@gmail.com
    [password] => 111111
)

[2026-04-22 14:40:05] Attempting login for: edrianhalili@gmail.com
[2026-04-22 14:40:05] Checking admin table...
[2026-04-22 14:40:05] Admin query result: Not found
[2026-04-22 14:40:05] Checking users table...
[2026-04-22 14:40:05] User query rows found: 1
[2026-04-22 14:40:05] User found: edrianhalili@gmail.com, Role: user
[2026-04-22 14:40:05] USER LOGIN SUCCESSFUL for: edrianhalili@gmail.com
[2026-04-22 14:40:05] lg_switch_session_scope('user') called
[2026-04-22 14:40:05] New session ID: hl32jbqp729p28cusejfu5tl9o
[2026-04-22 14:40:05] Redirecting to homepage
[2026-04-22 14:40:20] === LOGIN ATTEMPT START ===
[2026-04-22 14:40:20] POST data: Array
(
)

[2026-04-22 14:40:20] === LOGIN ATTEMPT END ===

[2026-04-22 14:40:35] === LOGIN ATTEMPT START ===
[2026-04-22 14:40:35] POST data: Array
(
    [emailOrUsername] => head@lookgoodframes.com
    [password] => HeadAdmin@2026
)

[2026-04-22 14:40:35] Attempting login for: head@lookgoodframes.com
[2026-04-22 14:40:35] Checking admin table...
[2026-04-22 14:40:35] Admin query result: Found: head@lookgoodframes.com
[2026-04-22 14:40:35] ADMIN LOGIN SUCCESSFUL for: head@lookgoodframes.com
[2026-04-22 14:40:35] lg_switch_session_scope('admin') called
[2026-04-22 14:40:35] New session ID: aqo745n2p67b2epokc07tmh5bm
[2026-04-22 14:40:35] Session written. admin_id=ADM-HEAD-001 position=head
[2026-04-22 14:40:35] Redirecting to admin dashboard
[2026-04-22 14:45:45] === LOGIN ATTEMPT START ===
[2026-04-22 14:45:45] POST data: Array
(
)

[2026-04-22 14:45:45] === LOGIN ATTEMPT END ===

[2026-04-22 14:45:49] === LOGIN ATTEMPT START ===
[2026-04-22 14:45:49] POST data: Array
(
    [emailOrUsername] => edrianhalili@gmail.com
    [password] => 111111
)

[2026-04-22 14:45:49] Attempting login for: edrianhalili@gmail.com
[2026-04-22 14:45:49] Checking admin table...
[2026-04-22 14:45:49] Admin query result: Not found
[2026-04-22 14:45:49] Checking users table...
[2026-04-22 14:45:49] User query rows found: 1
[2026-04-22 14:45:49] User found: edrianhalili@gmail.com, Role: user
[2026-04-22 14:45:49] USER LOGIN SUCCESSFUL for: edrianhalili@gmail.com
[2026-04-22 14:45:49] lg_switch_session_scope('user') called
[2026-04-22 14:45:49] New session ID: 2crkld8q25o0rh7pbs3ndr5i3b
[2026-04-22 14:45:49] Redirecting to homepage
[2026-04-22 14:48:57] === LOGIN ATTEMPT START ===
[2026-04-22 14:48:57] POST data: Array
(
)

[2026-04-22 14:48:57] === LOGIN ATTEMPT END ===

[2026-04-22 14:49:02] === LOGIN ATTEMPT START ===
[2026-04-22 14:49:02] POST data: Array
(
    [emailOrUsername] => edrianhalili@gmail.com
    [password] => 111111
)

[2026-04-22 14:49:02] Attempting login for: edrianhalili@gmail.com
[2026-04-22 14:49:02] Checking admin table...
[2026-04-22 14:49:02] Admin query result: Not found
[2026-04-22 14:49:02] Checking users table...
[2026-04-22 14:49:02] User query rows found: 1
[2026-04-22 14:49:02] User found: edrianhalili@gmail.com, Role: user
[2026-04-22 14:49:02] USER LOGIN SUCCESSFUL for: edrianhalili@gmail.com
[2026-04-22 14:49:02] lg_switch_session_scope('user') called
[2026-04-22 14:49:02] New session ID: gpbm39us1hokblqe6fm86c471l
[2026-04-22 14:49:02] Redirecting to homepage
[2026-04-22 16:33:20] === LOGIN ATTEMPT START ===
[2026-04-22 16:33:20] POST data: Array
(
)

[2026-04-22 16:33:20] === LOGIN ATTEMPT END ===

[2026-04-22 16:33:24] === LOGIN ATTEMPT START ===
[2026-04-22 16:33:24] POST data: Array
(
    [emailOrUsername] => edrianhalili@gmail.com
    [password] => 111111
)

[2026-04-22 16:33:24] Attempting login for: edrianhalili@gmail.com
[2026-04-22 16:33:24] Checking admin table...
[2026-04-22 16:33:24] Admin query result: Not found
[2026-04-22 16:33:24] Checking users table...
[2026-04-22 16:33:24] User query rows found: 1
[2026-04-22 16:33:24] User found: edrianhalili@gmail.com, Role: user
[2026-04-22 16:33:24] USER LOGIN SUCCESSFUL for: edrianhalili@gmail.com
[2026-04-22 16:33:24] lg_switch_session_scope('user') called
[2026-04-22 16:33:24] New session ID: 8qjecjn1csum7icpgck4p9j32o
[2026-04-22 16:33:24] Redirecting to homepage
[2026-04-22 16:34:16] === LOGIN ATTEMPT START ===
[2026-04-22 16:34:16] POST data: Array
(
)

[2026-04-22 16:34:16] === LOGIN ATTEMPT END ===

[2026-04-22 16:35:32] === LOGIN ATTEMPT START ===
[2026-04-22 16:35:32] POST data: Array
(
)

[2026-04-22 16:35:32] === LOGIN ATTEMPT END ===

[2026-04-22 16:35:44] === LOGIN ATTEMPT START ===
[2026-04-22 16:35:44] POST data: Array
(
    [emailOrUsername] => shomai_04
    [password] => 111111
)

[2026-04-22 16:35:44] Attempting login for: shomai_04
[2026-04-22 16:35:44] Checking admin table...
[2026-04-22 16:35:44] Admin query result: Not found
[2026-04-22 16:35:44] Checking users table...
[2026-04-22 16:35:44] User query rows found: 1
[2026-04-22 16:35:44] User found: edriansedrikhalili@gmail.com, Role: user
[2026-04-22 16:35:44] USER LOGIN SUCCESSFUL for: edriansedrikhalili@gmail.com
[2026-04-22 16:35:44] lg_switch_session_scope('user') called
[2026-04-22 16:35:44] New session ID: 61nnddbfj6ccr4paq7jmieaj21
[2026-04-22 16:35:44] Redirecting to homepage
[2026-04-22 16:36:04] === LOGIN ATTEMPT START ===
[2026-04-22 16:36:04] POST data: Array
(
)

[2026-04-22 16:36:04] === LOGIN ATTEMPT END ===

[2026-04-22 16:36:08] === LOGIN ATTEMPT START ===
[2026-04-22 16:36:08] POST data: Array
(
    [emailOrUsername] => edrianhalili@gmail.com
    [password] => 111111
)

[2026-04-22 16:36:08] Attempting login for: edrianhalili@gmail.com
[2026-04-22 16:36:08] Checking admin table...
[2026-04-22 16:36:08] Admin query result: Not found
[2026-04-22 16:36:08] Checking users table...
[2026-04-22 16:36:08] User query rows found: 1
[2026-04-22 16:36:08] User found: edrianhalili@gmail.com, Role: user
[2026-04-22 16:36:08] USER LOGIN SUCCESSFUL for: edrianhalili@gmail.com
[2026-04-22 16:36:08] lg_switch_session_scope('user') called
[2026-04-22 16:36:08] New session ID: mica7hcldjbthjdj374hv99g7b
[2026-04-22 16:36:08] Redirecting to homepage
[2026-04-22 16:36:19] === LOGIN ATTEMPT START ===
[2026-04-22 16:36:19] POST data: Array
(
)

[2026-04-22 16:36:19] === LOGIN ATTEMPT END ===

[2026-04-22 16:36:37] === LOGIN ATTEMPT START ===
[2026-04-22 16:36:37] POST data: Array
(
    [emailOrUsername] => edriansedrikhalili@gmail.com
    [password] => 111111
)

[2026-04-22 16:36:37] Attempting login for: edriansedrikhalili@gmail.com
[2026-04-22 16:36:37] Checking admin table...
[2026-04-22 16:36:37] Admin query result: Not found
[2026-04-22 16:36:37] Checking users table...
[2026-04-22 16:36:37] User query rows found: 1
[2026-04-22 16:36:37] User found: edriansedrikhalili@gmail.com, Role: user
[2026-04-22 16:36:37] USER LOGIN SUCCESSFUL for: edriansedrikhalili@gmail.com
[2026-04-22 16:36:37] lg_switch_session_scope('user') called
[2026-04-22 16:36:37] New session ID: m2ord81rtkrj6chmvpa404h3ss
[2026-04-22 16:36:37] Redirecting to homepage
[2026-04-22 16:36:57] === LOGIN ATTEMPT START ===
[2026-04-22 16:36:57] POST data: Array
(
)

[2026-04-22 16:36:57] === LOGIN ATTEMPT END ===

[2026-04-23 03:10:58] === LOGIN ATTEMPT START ===
[2026-04-23 03:10:58] POST data: Array
(
)

[2026-04-23 03:10:58] === LOGIN ATTEMPT END ===

[2026-04-23 03:11:02] === LOGIN ATTEMPT START ===
[2026-04-23 03:11:02] POST data: Array
(
    [emailOrUsername] => edrianhalili@gmail.com
    [password] => 111111
)

[2026-04-23 03:11:02] Attempting login for: edrianhalili@gmail.com
[2026-04-23 03:11:02] Checking admin table...
[2026-04-23 03:11:02] Admin query result: Not found
[2026-04-23 03:11:02] Checking users table...
[2026-04-23 03:11:02] User query rows found: 1
[2026-04-23 03:11:02] User found: edrianhalili@gmail.com, Role: user
[2026-04-23 03:11:02] USER LOGIN SUCCESSFUL for: edrianhalili@gmail.com
[2026-04-23 03:11:02] lg_switch_session_scope('user') called
[2026-04-23 03:11:02] New session ID: a2vq63b539lef48omrp4ai92na
[2026-04-23 03:11:02] Redirecting to homepage
[2026-04-23 03:17:14] === LOGIN ATTEMPT START ===
[2026-04-23 03:17:14] POST data: Array
(
)

[2026-04-23 03:17:14] === LOGIN ATTEMPT END ===

[2026-04-23 03:18:19] === LOGIN ATTEMPT START ===
[2026-04-23 03:18:19] POST data: Array
(
)

[2026-04-23 03:18:19] === LOGIN ATTEMPT END ===

[2026-04-23 03:18:24] === LOGIN ATTEMPT START ===
[2026-04-23 03:18:24] POST data: Array
(
    [emailOrUsername] => edrianhalili@gmail.com
    [password] => 111111
)

[2026-04-23 03:18:24] Attempting login for: edrianhalili@gmail.com
[2026-04-23 03:18:24] Checking admin table...
[2026-04-23 03:18:24] Admin query result: Not found
[2026-04-23 03:18:24] Checking users table...
[2026-04-23 03:18:24] User query rows found: 1
[2026-04-23 03:18:24] User found: edrianhalili@gmail.com, Role: user
[2026-04-23 03:18:24] USER LOGIN SUCCESSFUL for: edrianhalili@gmail.com
[2026-04-23 03:18:24] lg_switch_session_scope('user') called
[2026-04-23 03:18:24] New session ID: iqdbn10f14vu5snlo4kooekfb0
[2026-04-23 03:18:24] Redirecting to homepage
[2026-04-23 03:18:46] === LOGIN ATTEMPT START ===
[2026-04-23 03:18:46] POST data: Array
(
)

[2026-04-23 03:18:46] === LOGIN ATTEMPT END ===

[2026-04-23 03:18:53] === LOGIN ATTEMPT START ===
[2026-04-23 03:18:53] POST data: Array
(
    [emailOrUsername] => edriansedrikhalili@gmail.com
    [password] => 111111
)

[2026-04-23 03:18:53] Attempting login for: edriansedrikhalili@gmail.com
[2026-04-23 03:18:53] Checking admin table...
[2026-04-23 03:18:53] Admin query result: Not found
[2026-04-23 03:18:53] Checking users table...
[2026-04-23 03:18:53] User query rows found: 1
[2026-04-23 03:18:53] User found: edriansedrikhalili@gmail.com, Role: user
[2026-04-23 03:18:53] USER LOGIN SUCCESSFUL for: edriansedrikhalili@gmail.com
[2026-04-23 03:18:53] lg_switch_session_scope('user') called
[2026-04-23 03:18:53] New session ID: oh4i6t990e504g436g8vfk6ign
[2026-04-23 03:18:53] Redirecting to homepage
[2026-04-23 03:29:53] === LOGIN ATTEMPT START ===
[2026-04-23 03:29:53] POST data: Array
(
)

[2026-04-23 03:29:53] === LOGIN ATTEMPT END ===

[2026-04-23 03:29:57] === LOGIN ATTEMPT START ===
[2026-04-23 03:29:57] POST data: Array
(
    [emailOrUsername] => edrianhalili@gmail.com
    [password] => 111111
)

[2026-04-23 03:29:57] Attempting login for: edrianhalili@gmail.com
[2026-04-23 03:29:57] Checking admin table...
[2026-04-23 03:29:57] Admin query result: Not found
[2026-04-23 03:29:57] Checking users table...
[2026-04-23 03:29:57] User query rows found: 1
[2026-04-23 03:29:57] User found: edrianhalili@gmail.com, Role: user
[2026-04-23 03:29:57] USER LOGIN SUCCESSFUL for: edrianhalili@gmail.com
[2026-04-23 03:29:57] lg_switch_session_scope('user') called
[2026-04-23 03:29:57] New session ID: jcre5tejj9otpbt91pebme0eal
[2026-04-23 03:29:57] Redirecting to homepage
[2026-04-23 03:30:24] === LOGIN ATTEMPT START ===
[2026-04-23 03:30:24] POST data: Array
(
)

[2026-04-23 03:30:24] === LOGIN ATTEMPT END ===

[2026-04-23 03:32:56] === LOGIN ATTEMPT START ===
[2026-04-23 03:32:56] POST data: Array
(
    [emailOrUsername] => edrianhalili@gmail.com
    [password] => 111111
)

[2026-04-23 03:32:56] Attempting login for: edrianhalili@gmail.com
[2026-04-23 03:32:56] Checking admin table...
[2026-04-23 03:32:56] Admin query result: Not found
[2026-04-23 03:32:56] Checking users table...
[2026-04-23 03:32:56] User query rows found: 1
[2026-04-23 03:32:56] User found: edrianhalili@gmail.com, Role: user
[2026-04-23 03:32:56] USER LOGIN SUCCESSFUL for: edrianhalili@gmail.com
[2026-04-23 03:32:56] lg_switch_session_scope('user') called
[2026-04-23 03:32:56] New session ID: s0b5fqah9o4mkm1l4uie0i0cbq
[2026-04-23 03:32:56] Redirecting to homepage
[2026-04-23 03:33:55] === LOGIN ATTEMPT START ===
[2026-04-23 03:33:55] POST data: Array
(
)

[2026-04-23 03:33:55] === LOGIN ATTEMPT END ===

[2026-04-23 03:44:24] === LOGIN ATTEMPT START ===
[2026-04-23 03:44:24] POST data: Array
(
)

[2026-04-23 03:44:24] === LOGIN ATTEMPT END ===

[2026-04-23 03:44:27] === LOGIN ATTEMPT START ===
[2026-04-23 03:44:27] POST data: Array
(
    [emailOrUsername] => edrianhalili@gmail.com
    [password] => 111111
)

[2026-04-23 03:44:27] Attempting login for: edrianhalili@gmail.com
[2026-04-23 03:44:27] Checking admin table...
[2026-04-23 03:44:27] Admin query result: Not found
[2026-04-23 03:44:27] Checking users table...
[2026-04-23 03:44:27] User query rows found: 1
[2026-04-23 03:44:27] User found: edrianhalili@gmail.com, Role: user
[2026-04-23 03:44:27] USER LOGIN SUCCESSFUL for: edrianhalili@gmail.com
[2026-04-23 03:44:27] lg_switch_session_scope('user') called
[2026-04-23 03:44:27] New session ID: 83i3jh6oic5t7hvm40atvnul1k
[2026-04-23 03:44:27] Redirecting to homepage
[2026-04-23 03:45:04] === LOGIN ATTEMPT START ===
[2026-04-23 03:45:04] POST data: Array
(
)

[2026-04-23 03:45:04] === LOGIN ATTEMPT END ===

[2026-04-23 03:46:05] === LOGIN ATTEMPT START ===
[2026-04-23 03:46:05] POST data: Array
(
)

[2026-04-23 03:46:05] === LOGIN ATTEMPT END ===

[2026-04-23 03:46:09] === LOGIN ATTEMPT START ===
[2026-04-23 03:46:09] POST data: Array
(
    [emailOrUsername] => edrianhalili@gmail.com
    [password] => 111111
)

[2026-04-23 03:46:09] Attempting login for: edrianhalili@gmail.com
[2026-04-23 03:46:09] Checking admin table...
[2026-04-23 03:46:09] Admin query result: Not found
[2026-04-23 03:46:09] Checking users table...
[2026-04-23 03:46:09] User query rows found: 1
[2026-04-23 03:46:09] User found: edrianhalili@gmail.com, Role: user
[2026-04-23 03:46:09] USER LOGIN SUCCESSFUL for: edrianhalili@gmail.com
[2026-04-23 03:46:09] lg_switch_session_scope('user') called
[2026-04-23 03:46:09] New session ID: ohdj6rvrld1908a99sd8mllvfg
[2026-04-23 03:46:09] Redirecting to homepage
[2026-04-23 03:46:19] === LOGIN ATTEMPT START ===
[2026-04-23 03:46:19] POST data: Array
(
)

[2026-04-23 03:46:19] === LOGIN ATTEMPT END ===

[2026-04-23 03:46:25] === LOGIN ATTEMPT START ===
[2026-04-23 03:46:25] POST data: Array
(
    [emailOrUsername] => shomai_04
    [password] => 111111
)

[2026-04-23 03:46:25] Attempting login for: shomai_04
[2026-04-23 03:46:25] Checking admin table...
[2026-04-23 03:46:25] Admin query result: Not found
[2026-04-23 03:46:25] Checking users table...
[2026-04-23 03:46:25] User query rows found: 1
[2026-04-23 03:46:25] User found: edriansedrikhalili@gmail.com, Role: user
[2026-04-23 03:46:25] USER LOGIN SUCCESSFUL for: edriansedrikhalili@gmail.com
[2026-04-23 03:46:25] lg_switch_session_scope('user') called
[2026-04-23 03:46:25] New session ID: o4sbl76k5ca1aaqa7hlrg3kr1r
[2026-04-23 03:46:25] Redirecting to homepage
[2026-04-23 04:16:58] === LOGIN ATTEMPT START ===
[2026-04-23 04:16:58] POST data: Array
(
)

[2026-04-23 04:16:58] === LOGIN ATTEMPT END ===

[2026-04-23 04:17:03] === LOGIN ATTEMPT START ===
[2026-04-23 04:17:03] POST data: Array
(
)

[2026-04-23 04:17:03] === LOGIN ATTEMPT END ===

[2026-04-23 04:17:07] === LOGIN ATTEMPT START ===
[2026-04-23 04:17:07] POST data: Array
(
    [emailOrUsername] => edrianhalili@gmail.com
    [password] => 111111
)

[2026-04-23 04:17:07] Attempting login for: edrianhalili@gmail.com
[2026-04-23 04:17:07] Checking admin table...
[2026-04-23 04:17:07] Admin query result: Not found
[2026-04-23 04:17:07] Checking users table...
[2026-04-23 04:17:07] User query rows found: 1
[2026-04-23 04:17:07] User found: edrianhalili@gmail.com, Role: user
[2026-04-23 04:17:07] USER LOGIN SUCCESSFUL for: edrianhalili@gmail.com
[2026-04-23 04:17:07] lg_switch_session_scope('user') called
[2026-04-23 04:17:07] New session ID: 93r07p29pgp9e2cbp452u1lqdu
[2026-04-23 04:17:07] Redirecting to homepage
[2026-04-23 04:17:14] === LOGIN ATTEMPT START ===
[2026-04-23 04:17:14] POST data: Array
(
)

[2026-04-23 04:17:14] === LOGIN ATTEMPT END ===

[2026-04-23 04:17:20] === LOGIN ATTEMPT START ===
[2026-04-23 04:17:20] POST data: Array
(
    [emailOrUsername] => shomai_04
    [password] => 111111
)

[2026-04-23 04:17:20] Attempting login for: shomai_04
[2026-04-23 04:17:20] Checking admin table...
[2026-04-23 04:17:20] Admin query result: Not found
[2026-04-23 04:17:20] Checking users table...
[2026-04-23 04:17:20] User query rows found: 1
[2026-04-23 04:17:20] User found: edriansedrikhalili@gmail.com, Role: user
[2026-04-23 04:17:20] USER LOGIN SUCCESSFUL for: edriansedrikhalili@gmail.com
[2026-04-23 04:17:20] lg_switch_session_scope('user') called
[2026-04-23 04:17:20] New session ID: j7895bdsaaoruh9ddj47ki887t
[2026-04-23 04:17:20] Redirecting to homepage
[2026-04-23 04:19:58] === LOGIN ATTEMPT START ===
[2026-04-23 04:19:59] POST data: Array
(
)

[2026-04-23 04:19:59] === LOGIN ATTEMPT END ===

[2026-04-23 04:20:06] === LOGIN ATTEMPT START ===
[2026-04-23 04:20:06] POST data: Array
(
    [emailOrUsername] => edrianhalili@gmail.com
    [password] => 111111
)

[2026-04-23 04:20:06] Attempting login for: edrianhalili@gmail.com
[2026-04-23 04:20:06] Checking admin table...
[2026-04-23 04:20:06] Admin query result: Not found
[2026-04-23 04:20:06] Checking users table...
[2026-04-23 04:20:06] User query rows found: 1
[2026-04-23 04:20:06] User found: edrianhalili@gmail.com, Role: user
[2026-04-23 04:20:06] USER LOGIN SUCCESSFUL for: edrianhalili@gmail.com
[2026-04-23 04:20:06] lg_switch_session_scope('user') called
[2026-04-23 04:20:06] New session ID: 84378idiuhof9rfiprj7qk8sum
[2026-04-23 04:20:06] Redirecting to homepage
[2026-04-23 05:36:55] === LOGIN ATTEMPT START ===
[2026-04-23 05:36:55] POST data: Array
(
)

[2026-04-23 05:36:55] === LOGIN ATTEMPT END ===

[2026-04-23 05:37:05] === LOGIN ATTEMPT START ===
[2026-04-23 05:37:05] POST data: Array
(
    [emailOrUsername] => shomai_04
    [password] => 111111
)

[2026-04-23 05:37:05] Attempting login for: shomai_04
[2026-04-23 05:37:05] Checking admin table...
[2026-04-23 05:37:05] Admin query result: Not found
[2026-04-23 05:37:05] Checking users table...
[2026-04-23 05:37:05] User query rows found: 1
[2026-04-23 05:37:05] User found: edriansedrikhalili@gmail.com, Role: user
[2026-04-23 05:37:05] USER LOGIN SUCCESSFUL for: edriansedrikhalili@gmail.com
[2026-04-23 05:37:05] lg_switch_session_scope('user') called
[2026-04-23 05:37:05] New session ID: jjfvv34uhgb0trfsue97a4r0c3
[2026-04-23 05:37:05] Redirecting to homepage
[2026-04-23 05:43:42] === LOGIN ATTEMPT START ===
[2026-04-23 05:43:42] POST data: Array
(
)

[2026-04-23 05:43:42] === LOGIN ATTEMPT END ===

[2026-04-23 05:43:46] === LOGIN ATTEMPT START ===
[2026-04-23 05:43:46] POST data: Array
(
    [emailOrUsername] => edrianhalili@gmail.com
    [password] => 111111
)

[2026-04-23 05:43:46] Attempting login for: edrianhalili@gmail.com
[2026-04-23 05:43:46] Checking admin table...
[2026-04-23 05:43:46] Admin query result: Not found
[2026-04-23 05:43:46] Checking users table...
[2026-04-23 05:43:46] User query rows found: 1
[2026-04-23 05:43:46] User found: edrianhalili@gmail.com, Role: user
[2026-04-23 05:43:46] USER LOGIN SUCCESSFUL for: edrianhalili@gmail.com
[2026-04-23 05:43:46] lg_switch_session_scope('user') called
[2026-04-23 05:43:46] New session ID: nlt4vgs9ssl9vaqh7s6ko2cokv
[2026-04-23 05:43:46] Redirecting to homepage
[2026-04-23 05:59:04] === LOGIN ATTEMPT START ===
[2026-04-23 05:59:04] POST data: Array
(
)

[2026-04-23 05:59:04] === LOGIN ATTEMPT END ===

[2026-04-23 05:59:08] === LOGIN ATTEMPT START ===
[2026-04-23 05:59:08] POST data: Array
(
    [emailOrUsername] => edrianhalili@gmail.com
    [password] => 111111
)

[2026-04-23 05:59:08] Attempting login for: edrianhalili@gmail.com
[2026-04-23 05:59:08] Checking admin table...
[2026-04-23 05:59:08] Admin query result: Not found
[2026-04-23 05:59:08] Checking users table...
[2026-04-23 05:59:08] User query rows found: 1
[2026-04-23 05:59:08] User found: edrianhalili@gmail.com, Role: user
[2026-04-23 05:59:08] USER LOGIN SUCCESSFUL for: edrianhalili@gmail.com
[2026-04-23 05:59:08] lg_switch_session_scope('user') called
[2026-04-23 05:59:08] New session ID: vjf088c7e1dr2srth8ios74r27
[2026-04-23 05:59:08] Redirecting to homepage
[2026-04-23 05:59:20] === LOGIN ATTEMPT START ===
[2026-04-23 05:59:20] POST data: Array
(
)

[2026-04-23 05:59:20] === LOGIN ATTEMPT END ===

[2026-04-23 05:59:26] === LOGIN ATTEMPT START ===
[2026-04-23 05:59:26] POST data: Array
(
    [emailOrUsername] => shomai_04
    [password] => 111111
)

[2026-04-23 05:59:26] Attempting login for: shomai_04
[2026-04-23 05:59:26] Checking admin table...
[2026-04-23 05:59:26] Admin query result: Not found
[2026-04-23 05:59:26] Checking users table...
[2026-04-23 05:59:26] User query rows found: 1
[2026-04-23 05:59:26] User found: edriansedrikhalili@gmail.com, Role: user
[2026-04-23 05:59:26] USER LOGIN SUCCESSFUL for: edriansedrikhalili@gmail.com
[2026-04-23 05:59:26] lg_switch_session_scope('user') called
[2026-04-23 05:59:26] New session ID: dhb7mu91dd831f7kfskbj2fvm4
[2026-04-23 05:59:26] Redirecting to homepage
[2026-04-23 05:59:30] === LOGIN ATTEMPT START ===
[2026-04-23 05:59:30] POST data: Array
(
)

[2026-04-23 05:59:30] === LOGIN ATTEMPT END ===

[2026-04-23 06:02:00] === LOGIN ATTEMPT START ===
[2026-04-23 06:02:00] POST data: Array
(
)

[2026-04-23 06:02:00] === LOGIN ATTEMPT END ===

[2026-04-23 06:02:04] === LOGIN ATTEMPT START ===
[2026-04-23 06:02:04] POST data: Array
(
    [emailOrUsername] => edrianhalili@gmail.com
    [password] => 111111
)

[2026-04-23 06:02:04] Attempting login for: edrianhalili@gmail.com
[2026-04-23 06:02:04] Checking admin table...
[2026-04-23 06:02:04] Admin query result: Not found
[2026-04-23 06:02:04] Checking users table...
[2026-04-23 06:02:04] User query rows found: 1
[2026-04-23 06:02:04] User found: edrianhalili@gmail.com, Role: user
[2026-04-23 06:02:04] USER LOGIN SUCCESSFUL for: edrianhalili@gmail.com
[2026-04-23 06:02:04] lg_switch_session_scope('user') called
[2026-04-23 06:02:04] New session ID: jgfgpqkrcdm974s42d32insr5i
[2026-04-23 06:02:04] Redirecting to homepage
[2026-04-23 06:03:42] === LOGIN ATTEMPT START ===
[2026-04-23 06:03:42] POST data: Array
(
)

[2026-04-23 06:03:42] === LOGIN ATTEMPT END ===

[2026-04-23 06:03:51] === LOGIN ATTEMPT START ===
[2026-04-23 06:03:51] POST data: Array
(
    [emailOrUsername] => head@lookgoodframes.com
    [password] => HeadAdmin@0226
)

[2026-04-23 06:03:51] Attempting login for: head@lookgoodframes.com
[2026-04-23 06:03:51] Checking admin table...
[2026-04-23 06:03:51] Admin query result: Found: head@lookgoodframes.com
[2026-04-23 06:03:51] Checking users table...
[2026-04-23 06:03:51] User query rows found: 0
[2026-04-23 06:03:51] Error: No user account found
[2026-04-23 06:03:51] === LOGIN ATTEMPT END ===

[2026-04-23 06:04:02] === LOGIN ATTEMPT START ===
[2026-04-23 06:04:02] POST data: Array
(
    [emailOrUsername] => head@lookgoodframes.com
    [password] => HeadAdmin@2026
)

[2026-04-23 06:04:02] Attempting login for: head@lookgoodframes.com
[2026-04-23 06:04:02] Checking admin table...
[2026-04-23 06:04:02] Admin query result: Found: head@lookgoodframes.com
[2026-04-23 06:04:02] ADMIN LOGIN SUCCESSFUL for: head@lookgoodframes.com
[2026-04-23 06:04:02] lg_switch_session_scope('admin') called
[2026-04-23 06:04:02] New session ID: 28c679a8ca6auuts7o28ojibhf
[2026-04-23 06:04:02] Session written. admin_id=ADM-HEAD-001 position=head
[2026-04-23 06:04:02] Redirecting to admin dashboard
[2026-04-23 06:09:36] === LOGIN ATTEMPT START ===
[2026-04-23 06:09:36] POST data: Array
(
)

[2026-04-23 06:09:36] === LOGIN ATTEMPT END ===

[2026-04-23 06:09:39] === LOGIN ATTEMPT START ===
[2026-04-23 06:09:39] POST data: Array
(
    [emailOrUsername] => edrianhalili@gmail.com
    [password] => 111111
)

[2026-04-23 06:09:39] Attempting login for: edrianhalili@gmail.com
[2026-04-23 06:09:39] Checking admin table...
[2026-04-23 06:09:39] Admin query result: Not found
[2026-04-23 06:09:39] Checking users table...
[2026-04-23 06:09:39] User query rows found: 1
[2026-04-23 06:09:39] User found: edrianhalili@gmail.com, Role: user
[2026-04-23 06:09:39] USER LOGIN SUCCESSFUL for: edrianhalili@gmail.com
[2026-04-23 06:09:39] lg_switch_session_scope('user') called
[2026-04-23 06:09:39] New session ID: v1i3oqdf8k7l4o8d61cui55t5a
[2026-04-23 06:09:39] Redirecting to homepage
[2026-04-23 06:10:02] === LOGIN ATTEMPT START ===
[2026-04-23 06:10:02] POST data: Array
(
)

[2026-04-23 06:10:02] === LOGIN ATTEMPT END ===

[2026-04-23 06:10:11] === LOGIN ATTEMPT START ===
[2026-04-23 06:10:11] POST data: Array
(
    [emailOrUsername] => head@lookgoodframes.com
    [password] => HeadAdmin@2026
)

[2026-04-23 06:10:11] Attempting login for: head@lookgoodframes.com
[2026-04-23 06:10:11] Checking admin table...
[2026-04-23 06:10:11] Admin query result: Found: head@lookgoodframes.com
[2026-04-23 06:10:11] ADMIN LOGIN SUCCESSFUL for: head@lookgoodframes.com
[2026-04-23 06:10:11] lg_switch_session_scope('admin') called
[2026-04-23 06:10:11] New session ID: 55vlml0o8272mqma2jlldnapv0
[2026-04-23 06:10:11] Session written. admin_id=ADM-HEAD-001 position=head
[2026-04-23 06:10:11] Redirecting to admin dashboard
[2026-04-23 06:11:35] === LOGIN ATTEMPT START ===
[2026-04-23 06:11:35] POST data: Array
(
)

[2026-04-23 06:11:35] === LOGIN ATTEMPT END ===

[2026-04-23 06:13:55] === LOGIN ATTEMPT START ===
[2026-04-23 06:13:55] POST data: Array
(
)

[2026-04-23 06:13:55] === LOGIN ATTEMPT END ===

[2026-04-23 06:14:01] === LOGIN ATTEMPT START ===
[2026-04-23 06:14:01] POST data: Array
(
    [emailOrUsername] => edrianhalili@gmail.com
    [password] => 111111
)

[2026-04-23 06:14:01] Attempting login for: edrianhalili@gmail.com
[2026-04-23 06:14:01] Checking admin table...
[2026-04-23 06:14:01] Admin query result: Not found
[2026-04-23 06:14:01] Checking users table...
[2026-04-23 06:14:01] User query rows found: 1
[2026-04-23 06:14:01] User found: edrianhalili@gmail.com, Role: user
[2026-04-23 06:14:01] USER LOGIN SUCCESSFUL for: edrianhalili@gmail.com
[2026-04-23 06:14:01] lg_switch_session_scope('user') called
[2026-04-23 06:14:01] New session ID: nn967ebj8jal6rpaulr84avqb8
[2026-04-23 06:14:01] Redirecting to homepage
[2026-04-23 06:15:25] === LOGIN ATTEMPT START ===
[2026-04-23 06:15:25] POST data: Array
(
)

[2026-04-23 06:15:25] === LOGIN ATTEMPT END ===

[2026-04-23 06:15:36] === LOGIN ATTEMPT START ===
[2026-04-23 06:15:36] POST data: Array
(
    [emailOrUsername] => head@lookgoodframes.com
    [password] => HeadAdmin@2026
)

[2026-04-23 06:15:36] Attempting login for: head@lookgoodframes.com
[2026-04-23 06:15:36] Checking admin table...
[2026-04-23 06:15:36] Admin query result: Found: head@lookgoodframes.com
[2026-04-23 06:15:36] ADMIN LOGIN SUCCESSFUL for: head@lookgoodframes.com
[2026-04-23 06:15:36] lg_switch_session_scope('admin') called
[2026-04-23 06:15:36] New session ID: 9bhe0cafcnvm2gguabh238hus8
[2026-04-23 06:15:36] Session written. admin_id=ADM-HEAD-001 position=head
[2026-04-23 06:15:36] Redirecting to admin dashboard
[2026-04-23 06:18:49] === LOGIN ATTEMPT START ===
[2026-04-23 06:18:49] POST data: Array
(
)

[2026-04-23 06:18:49] === LOGIN ATTEMPT END ===

[2026-04-23 06:18:53] === LOGIN ATTEMPT START ===
[2026-04-23 06:18:53] POST data: Array
(
    [emailOrUsername] => edrianhalili@gmail.com
    [password] => 111111
)

[2026-04-23 06:18:53] Attempting login for: edrianhalili@gmail.com
[2026-04-23 06:18:53] Checking admin table...
[2026-04-23 06:18:53] Admin query result: Not found
[2026-04-23 06:18:53] Checking users table...
[2026-04-23 06:18:53] User query rows found: 1
[2026-04-23 06:18:53] User found: edrianhalili@gmail.com, Role: user
[2026-04-23 06:18:53] USER LOGIN SUCCESSFUL for: edrianhalili@gmail.com
[2026-04-23 06:18:53] lg_switch_session_scope('user') called
[2026-04-23 06:18:53] New session ID: ok2l6dsd9rks5rcbfcbm1fgkgq
[2026-04-23 06:18:53] Redirecting to homepage
[2026-04-23 06:40:20] === LOGIN ATTEMPT START ===
[2026-04-23 06:40:20] POST data: Array
(
)

[2026-04-23 06:40:20] === LOGIN ATTEMPT END ===

[2026-04-23 06:40:25] === LOGIN ATTEMPT START ===
[2026-04-23 06:40:25] POST data: Array
(
    [emailOrUsername] => edrianhalili@gmail.com
    [password] => 111111
)

[2026-04-23 06:40:25] Attempting login for: edrianhalili@gmail.com
[2026-04-23 06:40:25] Checking admin table...
[2026-04-23 06:40:25] Admin query result: Not found
[2026-04-23 06:40:25] Checking users table...
[2026-04-23 06:40:25] User query rows found: 1
[2026-04-23 06:40:25] User found: edrianhalili@gmail.com, Role: user
[2026-04-23 06:40:25] USER LOGIN SUCCESSFUL for: edrianhalili@gmail.com
[2026-04-23 06:40:25] lg_switch_session_scope('user') called
[2026-04-23 06:40:25] New session ID: l5r4ahq23n8qshugpmflrtfo4d
[2026-04-23 06:40:25] Redirecting to: /lookgood/home/myprofile.php
[2026-04-23 06:40:50] === LOGIN ATTEMPT START ===
[2026-04-23 06:40:50] POST data: Array
(
)

[2026-04-23 06:40:50] === LOGIN ATTEMPT END ===

[2026-04-23 06:40:54] === LOGIN ATTEMPT START ===
[2026-04-23 06:40:54] POST data: Array
(
    [emailOrUsername] => edrianhalili@gmail.com
    [password] => 111111
)

[2026-04-23 06:40:54] Attempting login for: edrianhalili@gmail.com
[2026-04-23 06:40:54] Checking admin table...
[2026-04-23 06:40:54] Admin query result: Not found
[2026-04-23 06:40:54] Checking users table...
[2026-04-23 06:40:54] User query rows found: 1
[2026-04-23 06:40:54] User found: edrianhalili@gmail.com, Role: user
[2026-04-23 06:40:54] USER LOGIN SUCCESSFUL for: edrianhalili@gmail.com
[2026-04-23 06:40:54] lg_switch_session_scope('user') called
[2026-04-23 06:40:54] New session ID: kltk1pus80hksns90chdtriiva
[2026-04-23 06:40:54] Redirecting to homepage
[2026-04-23 06:50:23] === LOGIN ATTEMPT START ===
[2026-04-23 06:50:23] POST data: Array
(
)

[2026-04-23 06:50:23] === LOGIN ATTEMPT END ===

[2026-04-23 06:50:53] === LOGIN ATTEMPT START ===
[2026-04-23 06:50:53] POST data: Array
(
)

[2026-04-23 06:50:53] === LOGIN ATTEMPT END ===

[2026-04-23 06:50:57] === LOGIN ATTEMPT START ===
[2026-04-23 06:50:57] POST data: Array
(
    [emailOrUsername] => edrianhalili@gmail.com
    [password] => 111111
)

[2026-04-23 06:50:57] Attempting login for: edrianhalili@gmail.com
[2026-04-23 06:50:57] Checking admin table...
[2026-04-23 06:50:57] Admin query result: Not found
[2026-04-23 06:50:57] Checking users table...
[2026-04-23 06:50:57] User query rows found: 1
[2026-04-23 06:50:57] User found: edrianhalili@gmail.com, Role: user
[2026-04-23 06:50:57] USER LOGIN SUCCESSFUL for: edrianhalili@gmail.com
[2026-04-23 06:50:57] lg_switch_session_scope('user') called
[2026-04-23 06:50:57] New session ID: n7qlnap5bo5l1jvqi94ni12rqs
[2026-04-23 06:50:57] Redirecting to homepage
[2026-04-23 06:51:10] === LOGIN ATTEMPT START ===
[2026-04-23 06:51:10] POST data: Array
(
)

[2026-04-23 06:51:10] === LOGIN ATTEMPT END ===

[2026-04-23 06:51:23] === LOGIN ATTEMPT START ===
[2026-04-23 06:51:23] POST data: Array
(
    [emailOrUsername] => head@lookgoodframes.com
    [password] => HeadAdmin@2026
)

[2026-04-23 06:51:23] Attempting login for: head@lookgoodframes.com
[2026-04-23 06:51:23] Checking admin table...
[2026-04-23 06:51:23] Admin query result: Found: head@lookgoodframes.com
[2026-04-23 06:51:23] ADMIN LOGIN SUCCESSFUL for: head@lookgoodframes.com
[2026-04-23 06:51:23] lg_switch_session_scope('admin') called
[2026-04-23 06:51:23] New session ID: tecpk6utr71ru7jeuulu4isf80
[2026-04-23 06:51:23] Session written. admin_id=ADM-HEAD-001 position=head
[2026-04-23 06:51:23] Redirecting to admin dashboard
[2026-04-23 07:01:47] === LOGIN ATTEMPT START ===
[2026-04-23 07:01:47] POST data: Array
(
)

[2026-04-23 07:01:47] === LOGIN ATTEMPT END ===

[2026-04-23 07:01:51] === LOGIN ATTEMPT START ===
[2026-04-23 07:01:51] POST data: Array
(
    [emailOrUsername] => edrianhalili@gmail.com
    [password] => 111111
)

[2026-04-23 07:01:51] Attempting login for: edrianhalili@gmail.com
[2026-04-23 07:01:51] Checking admin table...
[2026-04-23 07:01:51] Admin query result: Not found
[2026-04-23 07:01:51] Checking users table...
[2026-04-23 07:01:51] User query rows found: 1
[2026-04-23 07:01:51] User found: edrianhalili@gmail.com, Role: user
[2026-04-23 07:01:51] USER LOGIN SUCCESSFUL for: edrianhalili@gmail.com
[2026-04-23 07:01:51] lg_switch_session_scope('user') called
[2026-04-23 07:01:51] New session ID: o91ud6qo4hrqfrfkn2drt2u075
[2026-04-23 07:01:51] Redirecting to homepage
[2026-04-23 07:25:45] === LOGIN ATTEMPT START ===
[2026-04-23 07:25:45] POST data: Array
(
)

[2026-04-23 07:25:45] === LOGIN ATTEMPT END ===

[2026-04-23 07:25:50] === LOGIN ATTEMPT START ===
[2026-04-23 07:25:50] POST data: Array
(
    [emailOrUsername] => edrianhalili@gmail.com
    [password] => 111111
)

[2026-04-23 07:25:50] Attempting login for: edrianhalili@gmail.com
[2026-04-23 07:25:50] Checking admin table...
[2026-04-23 07:25:50] Admin query result: Not found
[2026-04-23 07:25:50] Checking users table...
[2026-04-23 07:25:50] User query rows found: 1
[2026-04-23 07:25:50] User found: edrianhalili@gmail.com, Role: user
[2026-04-23 07:25:50] USER LOGIN SUCCESSFUL for: edrianhalili@gmail.com
[2026-04-23 07:25:50] lg_switch_session_scope('user') called
[2026-04-23 07:25:50] New session ID: 41ctq1t5lj023cveplrcc35cr8
[2026-04-23 07:25:50] Redirecting to homepage
[2026-04-23 07:25:53] === LOGIN ATTEMPT START ===
[2026-04-23 07:25:53] POST data: Array
(
)

[2026-04-23 07:25:53] === LOGIN ATTEMPT END ===

[2026-04-23 07:26:06] === LOGIN ATTEMPT START ===
[2026-04-23 07:26:06] POST data: Array
(
    [emailOrUsername] => head@lookgoodframes.com
    [password] => HeadAdmin@2026
)

[2026-04-23 07:26:06] Attempting login for: head@lookgoodframes.com
[2026-04-23 07:26:06] Checking admin table...
[2026-04-23 07:26:06] Admin query result: Found: head@lookgoodframes.com
[2026-04-23 07:26:06] ADMIN LOGIN SUCCESSFUL for: head@lookgoodframes.com
[2026-04-23 07:26:06] lg_switch_session_scope('admin') called
[2026-04-23 07:26:06] New session ID: 8ohfqnot7eucuofd4tck0spj15
[2026-04-23 07:26:06] Session written. admin_id=ADM-HEAD-001 position=head
[2026-04-23 07:26:06] Redirecting to admin dashboard
[2026-04-23 07:41:57] === LOGIN ATTEMPT START ===
[2026-04-23 07:41:57] POST data: Array
(
)

[2026-04-23 07:41:57] === LOGIN ATTEMPT END ===

[2026-04-23 07:41:57] === LOGIN ATTEMPT START ===
[2026-04-23 07:41:57] POST data: Array
(
)

[2026-04-23 07:41:57] === LOGIN ATTEMPT END ===

[2026-04-23 07:41:57] === LOGIN ATTEMPT START ===
[2026-04-23 07:41:57] POST data: Array
(
)

[2026-04-23 07:41:57] === LOGIN ATTEMPT END ===

[2026-04-23 07:41:57] === LOGIN ATTEMPT START ===
[2026-04-23 07:41:57] POST data: Array
(
)

[2026-04-23 07:41:57] === LOGIN ATTEMPT END ===

[2026-04-23 07:42:02] === LOGIN ATTEMPT START ===
[2026-04-23 07:42:02] POST data: Array
(
    [emailOrUsername] => edrianhalili@gmail.com
    [password] => 111111
)

[2026-04-23 07:42:02] Attempting login for: edrianhalili@gmail.com
[2026-04-23 07:42:02] Checking admin table...
[2026-04-23 07:42:02] Admin query result: Not found
[2026-04-23 07:42:02] Checking users table...
[2026-04-23 07:42:02] User query rows found: 1
[2026-04-23 07:42:02] User found: edrianhalili@gmail.com, Role: user
[2026-04-23 07:42:02] USER LOGIN SUCCESSFUL for: edrianhalili@gmail.com
[2026-04-23 07:42:02] lg_switch_session_scope('user') called
[2026-04-23 07:42:02] New session ID: 18j75jfnsga5vkdn23naeucdgi
[2026-04-23 07:42:02] Redirecting to homepage
[2026-04-23 08:16:04] === LOGIN ATTEMPT START ===
[2026-04-23 08:16:04] POST data: Array
(
)

[2026-04-23 08:16:04] === LOGIN ATTEMPT END ===

[2026-04-23 08:16:09] === LOGIN ATTEMPT START ===
[2026-04-23 08:16:09] POST data: Array
(
)

[2026-04-23 08:16:09] === LOGIN ATTEMPT END ===

[2026-04-23 08:16:13] === LOGIN ATTEMPT START ===
[2026-04-23 08:16:13] POST data: Array
(
    [emailOrUsername] => edrianhalili@gmail.com
    [password] => 111111
)

[2026-04-23 08:16:13] Attempting login for: edrianhalili@gmail.com
[2026-04-23 08:16:13] Checking admin table...
[2026-04-23 08:16:13] Admin query result: Not found
[2026-04-23 08:16:13] Checking users table...
[2026-04-23 08:16:13] User query rows found: 1
[2026-04-23 08:16:13] User found: edrianhalili@gmail.com, Role: user
[2026-04-23 08:16:13] USER LOGIN SUCCESSFUL for: edrianhalili@gmail.com
[2026-04-23 08:16:13] lg_switch_session_scope('user') called
[2026-04-23 08:16:13] New session ID: p0ip9oaesjq96mdjuj488s1vt7
[2026-04-23 08:16:13] Redirecting to homepage
[2026-04-23 08:16:15] === LOGIN ATTEMPT START ===
[2026-04-23 08:16:15] POST data: Array
(
)

[2026-04-23 08:16:15] === LOGIN ATTEMPT END ===

[2026-04-23 08:16:22] === LOGIN ATTEMPT START ===
[2026-04-23 08:16:22] POST data: Array
(
    [emailOrUsername] => shomai_04
    [password] => 111111
)

[2026-04-23 08:16:22] Attempting login for: shomai_04
[2026-04-23 08:16:22] Checking admin table...
[2026-04-23 08:16:22] Admin query result: Not found
[2026-04-23 08:16:22] Checking users table...
[2026-04-23 08:16:22] User query rows found: 0
[2026-04-23 08:16:22] Error: No user account found
[2026-04-23 08:16:22] === LOGIN ATTEMPT END ===

[2026-04-23 08:16:25] === LOGIN ATTEMPT START ===
[2026-04-23 08:16:25] POST data: Array
(
    [emailOrUsername] => shomai_04
    [password] => 111111
)

[2026-04-23 08:16:25] Attempting login for: shomai_04
[2026-04-23 08:16:25] Checking admin table...
[2026-04-23 08:16:25] Admin query result: Not found
[2026-04-23 08:16:25] Checking users table...
[2026-04-23 08:16:25] User query rows found: 0
[2026-04-23 08:16:25] Error: No user account found
[2026-04-23 08:16:25] === LOGIN ATTEMPT END ===

[2026-04-23 08:17:48] === LOGIN ATTEMPT START ===
[2026-04-23 08:17:48] POST data: Array
(
)

[2026-04-23 08:17:48] === LOGIN ATTEMPT END ===

[2026-04-23 08:17:53] === LOGIN ATTEMPT START ===
[2026-04-23 08:17:53] POST data: Array
(
    [emailOrUsername] => shomai_04
    [password] => 111111
)

[2026-04-23 08:17:53] Attempting login for: shomai_04
[2026-04-23 08:17:53] Checking admin table...
[2026-04-23 08:17:53] Admin query result: Not found
[2026-04-23 08:17:53] Checking users table...
[2026-04-23 08:17:53] User query rows found: 1
[2026-04-23 08:17:53] User found: edriansedrikhalili@gmail.com, Role: user
[2026-04-23 08:17:53] USER LOGIN SUCCESSFUL for: edriansedrikhalili@gmail.com
[2026-04-23 08:17:53] lg_switch_session_scope('user') called
[2026-04-23 08:17:53] New session ID: 9rdh151iesau7hbhsri21osl1t
[2026-04-23 08:17:53] Redirecting to homepage
[2026-04-23 08:30:37] === LOGIN ATTEMPT START ===
[2026-04-23 08:30:37] POST data: Array
(
)

[2026-04-23 08:30:37] === LOGIN ATTEMPT END ===

[2026-04-23 08:30:41] === LOGIN ATTEMPT START ===
[2026-04-23 08:30:41] POST data: Array
(
    [emailOrUsername] => edrianhalili@gmail.com
    [password] => 111111
)

[2026-04-23 08:30:41] Attempting login for: edrianhalili@gmail.com
[2026-04-23 08:30:41] Checking admin table...
[2026-04-23 08:30:41] Admin query result: Not found
[2026-04-23 08:30:41] Checking users table...
[2026-04-23 08:30:41] User query rows found: 1
[2026-04-23 08:30:41] User found: edrianhalili@gmail.com, Role: user
[2026-04-23 08:30:41] USER LOGIN SUCCESSFUL for: edrianhalili@gmail.com
[2026-04-23 08:30:41] lg_switch_session_scope('user') called
[2026-04-23 08:30:41] New session ID: r0incsvcjp7gg1nb4c0k9uikv8
[2026-04-23 08:30:41] Redirecting to homepage
[2026-04-23 08:31:01] === LOGIN ATTEMPT START ===
[2026-04-23 08:31:01] POST data: Array
(
)

[2026-04-23 08:31:01] === LOGIN ATTEMPT END ===

[2026-04-23 08:31:10] === LOGIN ATTEMPT START ===
[2026-04-23 08:31:10] POST data: Array
(
    [emailOrUsername] => shomai_04
    [password] => 111111
)

[2026-04-23 08:31:10] Attempting login for: shomai_04
[2026-04-23 08:31:10] Checking admin table...
[2026-04-23 08:31:10] Admin query result: Not found
[2026-04-23 08:31:10] Checking users table...
[2026-04-23 08:31:10] User query rows found: 1
[2026-04-23 08:31:10] User found: edriansedrikhalili@gmail.com, Role: user
[2026-04-23 08:31:10] USER LOGIN SUCCESSFUL for: edriansedrikhalili@gmail.com
[2026-04-23 08:31:10] lg_switch_session_scope('user') called
[2026-04-23 08:31:10] New session ID: dr3l2hb5qio89scm0rjl98u8t4
[2026-04-23 08:31:10] Redirecting to homepage
[2026-04-23 08:34:35] === LOGIN ATTEMPT START ===
[2026-04-23 08:34:35] POST data: Array
(
)

[2026-04-23 08:34:35] === LOGIN ATTEMPT END ===

[2026-04-23 08:34:39] === LOGIN ATTEMPT START ===
[2026-04-23 08:34:39] POST data: Array
(
    [emailOrUsername] => edrianhalili@gmail.com
    [password] => 111111
)

[2026-04-23 08:34:39] Attempting login for: edrianhalili@gmail.com
[2026-04-23 08:34:39] Checking admin table...
[2026-04-23 08:34:39] Admin query result: Not found
[2026-04-23 08:34:39] Checking users table...
[2026-04-23 08:34:39] User query rows found: 1
[2026-04-23 08:34:39] User found: edrianhalili@gmail.com, Role: user
[2026-04-23 08:34:39] USER LOGIN SUCCESSFUL for: edrianhalili@gmail.com
[2026-04-23 08:34:39] lg_switch_session_scope('user') called
[2026-04-23 08:34:39] New session ID: 87f33lll5jam66vgk6k7lv21bd
[2026-04-23 08:34:39] Redirecting to homepage
[2026-04-23 09:20:46] === LOGIN ATTEMPT START ===
[2026-04-23 09:20:46] POST data: Array
(
)

[2026-04-23 09:20:46] === LOGIN ATTEMPT END ===

[2026-04-23 09:20:59] === LOGIN ATTEMPT START ===
[2026-04-23 09:20:59] POST data: Array
(
    [emailOrUsername] => head@lookgoodframes.com
    [password] => HeadAdmin@2026
)

[2026-04-23 09:20:59] Attempting login for: head@lookgoodframes.com
[2026-04-23 09:20:59] Checking admin table...
[2026-04-23 09:20:59] Admin query result: Found: head@lookgoodframes.com
[2026-04-23 09:21:00] ADMIN LOGIN SUCCESSFUL for: head@lookgoodframes.com
[2026-04-23 09:21:00] lg_switch_session_scope('admin') called
[2026-04-23 09:21:00] New session ID: ctop55hsgd7qr4hrbf6343r8ph
[2026-04-23 09:21:00] Session written. admin_id=ADM-HEAD-001 position=head
[2026-04-23 09:21:00] Redirecting to admin dashboard
[2026-04-23 09:21:07] === LOGIN ATTEMPT START ===
[2026-04-23 09:21:07] POST data: Array
(
)

[2026-04-23 09:21:07] === LOGIN ATTEMPT END ===

[2026-04-23 09:21:11] === LOGIN ATTEMPT START ===
[2026-04-23 09:21:11] POST data: Array
(
    [emailOrUsername] => edrianhalili@gmail.com
    [password] => 111111
)

[2026-04-23 09:21:11] Attempting login for: edrianhalili@gmail.com
[2026-04-23 09:21:11] Checking admin table...
[2026-04-23 09:21:11] Admin query result: Not found
[2026-04-23 09:21:11] Checking users table...
[2026-04-23 09:21:11] User query rows found: 1
[2026-04-23 09:21:11] User found: edrianhalili@gmail.com, Role: user
[2026-04-23 09:21:11] USER LOGIN SUCCESSFUL for: edrianhalili@gmail.com
[2026-04-23 09:21:11] lg_switch_session_scope('user') called
[2026-04-23 09:21:11] New session ID: jm98ntju61dd0l8dahfjkvoat2
[2026-04-23 09:21:11] Redirecting to homepage
[2026-04-23 09:29:34] === LOGIN ATTEMPT START ===
[2026-04-23 09:29:34] POST data: Array
(
)

[2026-04-23 09:29:34] === LOGIN ATTEMPT END ===

[2026-04-23 09:31:02] === LOGIN ATTEMPT START ===
[2026-04-23 09:31:02] POST data: Array
(
)

[2026-04-23 09:31:02] === LOGIN ATTEMPT END ===

[2026-04-23 09:31:05] === LOGIN ATTEMPT START ===
[2026-04-23 09:31:05] POST data: Array
(
    [emailOrUsername] => edrianhalili@gmail.com
    [password] => 111111
)

[2026-04-23 09:31:05] Attempting login for: edrianhalili@gmail.com
[2026-04-23 09:31:05] Checking admin table...
[2026-04-23 09:31:05] Admin query result: Not found
[2026-04-23 09:31:05] Checking users table...
[2026-04-23 09:31:05] User query rows found: 1
[2026-04-23 09:31:05] User found: edrianhalili@gmail.com, Role: user
[2026-04-23 09:31:05] USER LOGIN SUCCESSFUL for: edrianhalili@gmail.com
[2026-04-23 09:31:05] lg_switch_session_scope('user') called
[2026-04-23 09:31:05] New session ID: p1hnn5uv5gt94fe880cse2tr09
[2026-04-23 09:31:05] Redirecting to homepage
[2026-04-23 09:36:59] === LOGIN ATTEMPT START ===
[2026-04-23 09:36:59] POST data: Array
(
)

[2026-04-23 09:36:59] === LOGIN ATTEMPT END ===

[2026-04-23 09:37:14] === LOGIN ATTEMPT START ===
[2026-04-23 09:37:14] POST data: Array
(
    [emailOrUsername] => head@lookgoodframes.com
    [password] => HeadAdmin@2026
)

[2026-04-23 09:37:14] Attempting login for: head@lookgoodframes.com
[2026-04-23 09:37:14] Checking admin table...
[2026-04-23 09:37:14] Admin query result: Found: head@lookgoodframes.com
[2026-04-23 09:37:14] ADMIN LOGIN SUCCESSFUL for: head@lookgoodframes.com
[2026-04-23 09:37:14] lg_switch_session_scope('admin') called
[2026-04-23 09:37:14] New session ID: 42a8t612d5bjb60jl4hedt57qs
[2026-04-23 09:37:14] Session written. admin_id=ADM-HEAD-001 position=head
[2026-04-23 09:37:14] Redirecting to admin dashboard
[2026-04-23 09:38:34] === LOGIN ATTEMPT START ===
[2026-04-23 09:38:34] POST data: Array
(
)

[2026-04-23 09:38:34] === LOGIN ATTEMPT END ===

[2026-04-23 09:38:36] === LOGIN ATTEMPT START ===
[2026-04-23 09:38:36] POST data: Array
(
    [emailOrUsername] => edrianhalili@gmail.com
    [password] => 111111
)

[2026-04-23 09:38:36] Attempting login for: edrianhalili@gmail.com
[2026-04-23 09:38:36] Checking admin table...
[2026-04-23 09:38:36] Admin query result: Not found
[2026-04-23 09:38:36] Checking users table...
[2026-04-23 09:38:36] User query rows found: 1
[2026-04-23 09:38:36] User found: edrianhalili@gmail.com, Role: user
[2026-04-23 09:38:36] USER LOGIN SUCCESSFUL for: edrianhalili@gmail.com
[2026-04-23 09:38:36] lg_switch_session_scope('user') called
[2026-04-23 09:38:36] New session ID: ugi3r8ph5hug6590rlfe6fhlbv
[2026-04-23 09:38:36] Redirecting to homepage
[2026-04-23 09:38:39] === LOGIN ATTEMPT START ===
[2026-04-23 09:38:39] POST data: Array
(
)

[2026-04-23 09:38:39] === LOGIN ATTEMPT END ===

[2026-04-23 09:38:45] === LOGIN ATTEMPT START ===
[2026-04-23 09:38:45] POST data: Array
(
    [emailOrUsername] => shomai_04
    [password] => 111111
)

[2026-04-23 09:38:45] Attempting login for: shomai_04
[2026-04-23 09:38:45] Checking admin table...
[2026-04-23 09:38:45] Admin query result: Not found
[2026-04-23 09:38:45] Checking users table...
[2026-04-23 09:38:45] User query rows found: 1
[2026-04-23 09:38:45] User found: edriansedrikhalili@gmail.com, Role: user
[2026-04-23 09:38:45] USER LOGIN SUCCESSFUL for: edriansedrikhalili@gmail.com
[2026-04-23 09:38:45] lg_switch_session_scope('user') called
[2026-04-23 09:38:45] New session ID: 9fnie86cnneu0u50sj2i3r8bi9
[2026-04-23 09:38:45] Redirecting to homepage
[2026-04-23 09:39:46] === LOGIN ATTEMPT START ===
[2026-04-23 09:39:46] POST data: Array
(
)

[2026-04-23 09:39:46] === LOGIN ATTEMPT END ===

[2026-04-23 09:40:00] === LOGIN ATTEMPT START ===
[2026-04-23 09:40:00] POST data: Array
(
    [emailOrUsername] => edrianhalili@gmail.com
    [password] => 111111
)

[2026-04-23 09:40:00] Attempting login for: edrianhalili@gmail.com
[2026-04-23 09:40:00] Checking admin table...
[2026-04-23 09:40:00] Admin query result: Not found
[2026-04-23 09:40:00] Checking users table...
[2026-04-23 09:40:00] User query rows found: 1
[2026-04-23 09:40:00] User found: edrianhalili@gmail.com, Role: user
[2026-04-23 09:40:00] USER LOGIN SUCCESSFUL for: edrianhalili@gmail.com
[2026-04-23 09:40:00] lg_switch_session_scope('user') called
[2026-04-23 09:40:00] New session ID: 72jukspgf88q7rkabpptfk43s7
[2026-04-23 09:40:00] Redirecting to homepage
[2026-04-23 10:30:12] === LOGIN ATTEMPT START ===
[2026-04-23 10:30:12] POST data: Array
(
)

[2026-04-23 10:30:12] === LOGIN ATTEMPT END ===

[2026-04-23 10:30:27] === LOGIN ATTEMPT START ===
[2026-04-23 10:30:27] POST data: Array
(
    [emailOrUsername] => head@lookgoodframes.com
    [password] => HeadAdmin@2026
)

[2026-04-23 10:30:27] Attempting login for: head@lookgoodframes.com
[2026-04-23 10:30:27] Checking admin table...
[2026-04-23 10:30:27] Admin query result: Found: head@lookgoodframes.com
[2026-04-23 10:30:27] ADMIN LOGIN SUCCESSFUL for: head@lookgoodframes.com
[2026-04-23 10:30:27] lg_switch_session_scope('admin') called
[2026-04-23 10:30:27] New session ID: pgkb89p86ec4e9t7e8imor41of
[2026-04-23 10:30:27] Session written. admin_id=ADM-HEAD-001 position=head
[2026-04-23 10:30:27] Redirecting to admin dashboard
[2026-04-23 10:37:25] === LOGIN ATTEMPT START ===
[2026-04-23 10:37:25] POST data: Array
(
)

[2026-04-23 10:37:25] === LOGIN ATTEMPT END ===

[2026-04-23 10:37:31] === LOGIN ATTEMPT START ===
[2026-04-23 10:37:31] POST data: Array
(
    [emailOrUsername] => edrianhalili@gmail.com
    [password] => 111111
)

[2026-04-23 10:37:31] Attempting login for: edrianhalili@gmail.com
[2026-04-23 10:37:31] Checking admin table...
[2026-04-23 10:37:31] Admin query result: Not found
[2026-04-23 10:37:31] Checking users table...
[2026-04-23 10:37:31] User query rows found: 1
[2026-04-23 10:37:31] User found: edrianhalili@gmail.com, Role: user
[2026-04-23 10:37:31] USER LOGIN SUCCESSFUL for: edrianhalili@gmail.com
[2026-04-23 10:37:31] lg_switch_session_scope('user') called
[2026-04-23 10:37:31] New session ID: 7oa2h2eocfj7316469ojm72nmf
[2026-04-23 10:37:31] Redirecting to homepage
[2026-04-23 10:42:56] === LOGIN ATTEMPT START ===
[2026-04-23 10:42:56] POST data: Array
(
)

[2026-04-23 10:42:56] === LOGIN ATTEMPT END ===

[2026-04-23 10:42:59] === LOGIN ATTEMPT START ===
[2026-04-23 10:42:59] POST data: Array
(
    [emailOrUsername] => In
    [password] => 111111
)

[2026-04-23 10:42:59] Attempting login for: In
[2026-04-23 10:42:59] Checking admin table...
[2026-04-23 10:42:59] Admin query result: Not found
[2026-04-23 10:42:59] Checking users table...
[2026-04-23 10:42:59] User query rows found: 0
[2026-04-23 10:42:59] Error: No user account found
[2026-04-23 10:42:59] === LOGIN ATTEMPT END ===

[2026-04-23 10:43:12] === LOGIN ATTEMPT START ===
[2026-04-23 10:43:12] POST data: Array
(
    [emailOrUsername] => inventory@lookgoodframes.com
    [password] => InvAdmin@2026
)

[2026-04-23 10:43:12] Attempting login for: inventory@lookgoodframes.com
[2026-04-23 10:43:12] Checking admin table...
[2026-04-23 10:43:12] Admin query result: Found: inventory@lookgoodframes.com
[2026-04-23 10:43:12] ADMIN LOGIN SUCCESSFUL for: inventory@lookgoodframes.com
[2026-04-23 10:43:12] lg_switch_session_scope('admin') called
[2026-04-23 10:43:12] New session ID: 7g31k6bdesbpse36pmkev9gg26
[2026-04-23 10:43:12] Session written. admin_id=ADM-INV-001 position=inventory_orderAdmin
[2026-04-23 10:43:12] Redirecting to admin dashboard
[2026-04-23 10:43:34] === LOGIN ATTEMPT START ===
[2026-04-23 10:43:34] POST data: Array
(
)

[2026-04-23 10:43:34] === LOGIN ATTEMPT END ===

[2026-04-23 10:45:57] === LOGIN ATTEMPT START ===
[2026-04-23 10:45:57] POST data: Array
(
    [emailOrUsername] => inventory@lookgoodframes.com
    [password] => InvAdmin@2026
)

[2026-04-23 10:45:57] Attempting login for: inventory@lookgoodframes.com
[2026-04-23 10:45:57] Checking admin table...
[2026-04-23 10:45:57] Admin query result: Found: inventory@lookgoodframes.com
[2026-04-23 10:45:57] ADMIN LOGIN SUCCESSFUL for: inventory@lookgoodframes.com
[2026-04-23 10:45:57] lg_switch_session_scope('admin') called
[2026-04-23 10:45:57] New session ID: 10r4p9seq2nmdsqpcilgkqor54
[2026-04-23 10:45:57] Session written. admin_id=ADM-INV-001 position=inventory_orderAdmin
[2026-04-23 10:45:57] Redirecting to admin dashboard
[2026-04-23 10:46:26] === LOGIN ATTEMPT START ===
[2026-04-23 10:46:26] POST data: Array
(
)

[2026-04-23 10:46:26] === LOGIN ATTEMPT END ===

[2026-04-23 10:46:31] === LOGIN ATTEMPT START ===
[2026-04-23 10:46:31] POST data: Array
(
    [emailOrUsername] => edrianhalili@gmail.com
    [password] => 111111
)

[2026-04-23 10:46:31] Attempting login for: edrianhalili@gmail.com
[2026-04-23 10:46:31] Checking admin table...
[2026-04-23 10:46:31] Admin query result: Not found
[2026-04-23 10:46:31] Checking users table...
[2026-04-23 10:46:31] User query rows found: 1
[2026-04-23 10:46:31] User found: edrianhalili@gmail.com, Role: user
[2026-04-23 10:46:31] USER LOGIN SUCCESSFUL for: edrianhalili@gmail.com
[2026-04-23 10:46:31] lg_switch_session_scope('user') called
[2026-04-23 10:46:31] New session ID: g91gtf7inv90ql7nke4m9nem6n
[2026-04-23 10:46:31] Redirecting to homepage
[2026-04-23 10:51:42] === LOGIN ATTEMPT START ===
[2026-04-23 10:51:42] POST data: Array
(
)

[2026-04-23 10:51:42] === LOGIN ATTEMPT END ===

[2026-04-23 10:51:53] === LOGIN ATTEMPT START ===
[2026-04-23 10:51:53] POST data: Array
(
    [emailOrUsername] => head@lookgoodframes.com
    [password] => HeadAdmin@2026
)

[2026-04-23 10:51:53] Attempting login for: head@lookgoodframes.com
[2026-04-23 10:51:53] Checking admin table...
[2026-04-23 10:51:53] Admin query result: Found: head@lookgoodframes.com
[2026-04-23 10:51:53] ADMIN LOGIN SUCCESSFUL for: head@lookgoodframes.com
[2026-04-23 10:51:53] lg_switch_session_scope('admin') called
[2026-04-23 10:51:53] New session ID: b6hufb5vj4hmsqo7ku49fjndc2
[2026-04-23 10:51:53] Session written. admin_id=ADM-HEAD-001 position=head
[2026-04-23 10:51:53] Redirecting to admin dashboard
[2026-04-23 10:52:23] === LOGIN ATTEMPT START ===
[2026-04-23 10:52:23] POST data: Array
(
)

[2026-04-23 10:52:23] === LOGIN ATTEMPT END ===

[2026-04-23 10:52:52] === LOGIN ATTEMPT START ===
[2026-04-23 10:52:52] POST data: Array
(
    [emailOrUsername] => head@lookgoodframes.com
    [password] => HeadAdmin@2026
)

[2026-04-23 10:52:52] Attempting login for: head@lookgoodframes.com
[2026-04-23 10:52:52] Checking admin table...
[2026-04-23 10:52:52] Admin query result: Found: head@lookgoodframes.com
[2026-04-23 10:52:52] ADMIN LOGIN SUCCESSFUL for: head@lookgoodframes.com
[2026-04-23 10:52:52] lg_switch_session_scope('admin') called
[2026-04-23 10:52:52] New session ID: d4akss9csv7gfahbknihdfunop
[2026-04-23 10:52:52] Session written. admin_id=ADM-HEAD-001 position=head
[2026-04-23 10:52:52] Redirecting to admin dashboard
[2026-04-23 10:53:15] === LOGIN ATTEMPT START ===
[2026-04-23 10:53:15] POST data: Array
(
)

[2026-04-23 10:53:15] === LOGIN ATTEMPT END ===

[2026-04-23 10:53:17] === LOGIN ATTEMPT START ===
[2026-04-23 10:53:17] POST data: Array
(
    [emailOrUsername] => edrianhalili@gmail.com
    [password] => 111111
)

[2026-04-23 10:53:17] Attempting login for: edrianhalili@gmail.com
[2026-04-23 10:53:17] Checking admin table...
[2026-04-23 10:53:17] Admin query result: Not found
[2026-04-23 10:53:17] Checking users table...
[2026-04-23 10:53:17] User query rows found: 1
[2026-04-23 10:53:17] User found: edrianhalili@gmail.com, Role: user
[2026-04-23 10:53:17] USER LOGIN SUCCESSFUL for: edrianhalili@gmail.com
[2026-04-23 10:53:17] lg_switch_session_scope('user') called
[2026-04-23 10:53:17] New session ID: lodqnlc7rgt4ua6agfq5h4k8h5
[2026-04-23 10:53:17] Redirecting to homepage
[2026-04-23 10:54:29] === LOGIN ATTEMPT START ===
[2026-04-23 10:54:29] POST data: Array
(
)

[2026-04-23 10:54:29] === LOGIN ATTEMPT END ===

[2026-04-23 10:54:35] === LOGIN ATTEMPT START ===
[2026-04-23 10:54:35] POST data: Array
(
    [emailOrUsername] => edriansedrikhalili@gmail.com
    [password] => 111111
)

[2026-04-23 10:54:35] Attempting login for: edriansedrikhalili@gmail.com
[2026-04-23 10:54:35] Checking admin table...
[2026-04-23 10:54:35] Admin query result: Not found
[2026-04-23 10:54:35] Checking users table...
[2026-04-23 10:54:35] User query rows found: 1
[2026-04-23 10:54:35] User found: edriansedrikhalili@gmail.com, Role: user
[2026-04-23 10:54:35] USER LOGIN SUCCESSFUL for: edriansedrikhalili@gmail.com
[2026-04-23 10:54:35] lg_switch_session_scope('user') called
[2026-04-23 10:54:35] New session ID: avtc8lu0efhu0mug0cv651f6qa
[2026-04-23 10:54:35] Redirecting to homepage
[2026-04-23 10:54:53] === LOGIN ATTEMPT START ===
[2026-04-23 10:54:53] POST data: Array
(
)

[2026-04-23 10:54:53] === LOGIN ATTEMPT END ===

[2026-04-23 11:00:47] === LOGIN ATTEMPT START ===
[2026-04-23 11:00:47] POST data: Array
(
    [emailOrUsername] => edrianhalili@gmail.com
    [password] => 111111
)

[2026-04-23 11:00:47] Attempting login for: edrianhalili@gmail.com
[2026-04-23 11:00:47] Checking admin table...
[2026-04-23 11:00:47] Admin query result: Not found
[2026-04-23 11:00:47] Checking users table...
[2026-04-23 11:00:47] User query rows found: 1
[2026-04-23 11:00:47] User found: edrianhalili@gmail.com, Role: user
[2026-04-23 11:00:47] USER LOGIN SUCCESSFUL for: edrianhalili@gmail.com
[2026-04-23 11:00:47] lg_switch_session_scope('user') called
[2026-04-23 11:00:47] New session ID: o296vhckfjr29gsi0ivjj63vvf
[2026-04-23 11:00:47] Redirecting to homepage
[2026-04-23 11:11:08] === LOGIN ATTEMPT START ===
[2026-04-23 11:11:08] POST data: Array
(
)

[2026-04-23 11:11:08] === LOGIN ATTEMPT END ===

[2026-04-23 11:11:11] === LOGIN ATTEMPT START ===
[2026-04-23 11:11:11] POST data: Array
(
    [emailOrUsername] => edrianhalili@gmail.com
    [password] => 111111
)

[2026-04-23 11:11:11] Attempting login for: edrianhalili@gmail.com
[2026-04-23 11:11:11] Checking admin table...
[2026-04-23 11:11:11] Admin query result: Not found
[2026-04-23 11:11:11] Checking users table...
[2026-04-23 11:11:11] User query rows found: 1
[2026-04-23 11:11:11] User found: edrianhalili@gmail.com, Role: user
[2026-04-23 11:11:11] Error: Invalid password
[2026-04-23 11:11:11] === LOGIN ATTEMPT END ===

[2026-04-23 11:11:17] === LOGIN ATTEMPT START ===
[2026-04-23 11:11:17] POST data: Array
(
    [emailOrUsername] => edrianhalili@gmail.com
    [password] => 22222222
)

[2026-04-23 11:11:17] Attempting login for: edrianhalili@gmail.com
[2026-04-23 11:11:17] Checking admin table...
[2026-04-23 11:11:17] Admin query result: Not found
[2026-04-23 11:11:17] Checking users table...
[2026-04-23 11:11:17] User query rows found: 1
[2026-04-23 11:11:17] User found: edrianhalili@gmail.com, Role: user
[2026-04-23 11:11:17] USER LOGIN SUCCESSFUL for: edrianhalili@gmail.com
[2026-04-23 11:11:17] lg_switch_session_scope('user') called
[2026-04-23 11:11:17] New session ID: ao4j6kbikgag59a4i44ptam0jb
[2026-04-23 11:11:17] Redirecting to homepage
[2026-04-23 11:12:25] === LOGIN ATTEMPT START ===
[2026-04-23 11:12:25] POST data: Array
(
)

[2026-04-23 11:12:25] === LOGIN ATTEMPT END ===

[2026-04-23 11:12:42] === LOGIN ATTEMPT START ===
[2026-04-23 11:12:42] POST data: Array
(
    [emailOrUsername] => capt_eds_2040
    [password] => 22222222
)

[2026-04-23 11:12:42] Attempting login for: capt_eds_2040
[2026-04-23 11:12:42] Checking admin table...
[2026-04-23 11:12:42] Admin query result: Not found
[2026-04-23 11:12:42] Checking users table...
[2026-04-23 11:12:42] User query rows found: 1
[2026-04-23 11:12:42] User found: edrianhalili@gmail.com, Role: user
[2026-04-23 11:12:42] USER LOGIN SUCCESSFUL for: edrianhalili@gmail.com
[2026-04-23 11:12:42] lg_switch_session_scope('user') called
[2026-04-23 11:12:42] New session ID: 4nccb662poab80tfgvtjcv43kk
[2026-04-23 11:12:42] Redirecting to homepage
[2026-04-23 11:13:15] === LOGIN ATTEMPT START ===
[2026-04-23 11:13:15] POST data: Array
(
)

[2026-04-23 11:13:15] === LOGIN ATTEMPT END ===

[2026-04-23 11:13:19] === LOGIN ATTEMPT START ===
[2026-04-23 11:13:19] POST data: Array
(
    [emailOrUsername] => edrianhalili@gmail.com
    [password] => 111111
)

[2026-04-23 11:13:19] Attempting login for: edrianhalili@gmail.com
[2026-04-23 11:13:19] Checking admin table...
[2026-04-23 11:13:19] Admin query result: Not found
[2026-04-23 11:13:19] Checking users table...
[2026-04-23 11:13:19] User query rows found: 0
[2026-04-23 11:13:19] Error: No user account found
[2026-04-23 11:13:19] === LOGIN ATTEMPT END ===

[2026-04-23 11:13:23] === LOGIN ATTEMPT START ===
[2026-04-23 11:13:23] POST data: Array
(
    [emailOrUsername] => shomai_04
    [password] => 111111
)

[2026-04-23 11:13:23] Attempting login for: shomai_04
[2026-04-23 11:13:23] Checking admin table...
[2026-04-23 11:13:23] Admin query result: Not found
[2026-04-23 11:13:23] Checking users table...
[2026-04-23 11:13:23] User query rows found: 1
[2026-04-23 11:13:23] User found: edriansedrikhalili@gmail.com, Role: user
[2026-04-23 11:13:23] USER LOGIN SUCCESSFUL for: edriansedrikhalili@gmail.com
[2026-04-23 11:13:23] lg_switch_session_scope('user') called
[2026-04-23 11:13:23] New session ID: qjj90uamttpud160a50la07gmq
[2026-04-23 11:13:23] Redirecting to homepage
[2026-04-23 11:20:58] === LOGIN ATTEMPT START ===
[2026-04-23 11:20:58] POST data: Array
(
)

[2026-04-23 11:20:58] === LOGIN ATTEMPT END ===

[2026-04-23 11:21:12] === LOGIN ATTEMPT START ===
[2026-04-23 11:21:12] POST data: Array
(
    [emailOrUsername] => head@lookgoodframes.com
    [password] => HeadAdmin@2026
)

[2026-04-23 11:21:12] Attempting login for: head@lookgoodframes.com
[2026-04-23 11:21:12] Checking admin table...
[2026-04-23 11:21:12] Admin query result: Found: head@lookgoodframes.com
[2026-04-23 11:21:12] ADMIN LOGIN SUCCESSFUL for: head@lookgoodframes.com
[2026-04-23 11:21:12] lg_switch_session_scope('admin') called
[2026-04-23 11:21:12] New session ID: tqakd7d096tt2afib8pl742rjc
[2026-04-23 11:21:12] Session written. admin_id=ADM-HEAD-001 position=head
[2026-04-23 11:21:12] Redirecting to admin dashboard
[2026-04-23 11:21:25] === LOGIN ATTEMPT START ===
[2026-04-23 11:21:25] POST data: Array
(
)

[2026-04-23 11:21:25] === LOGIN ATTEMPT END ===

[2026-04-23 11:21:26] === LOGIN ATTEMPT START ===
[2026-04-23 11:21:26] POST data: Array
(
    [emailOrUsername] => edrianhalili@gmail.com
    [password] => 111111
)

[2026-04-23 11:21:26] Attempting login for: edrianhalili@gmail.com
[2026-04-23 11:21:26] Checking admin table...
[2026-04-23 11:21:26] Admin query result: Not found
[2026-04-23 11:21:26] Checking users table...
[2026-04-23 11:21:26] User query rows found: 0
[2026-04-23 11:21:26] Error: No user account found
[2026-04-23 11:21:26] === LOGIN ATTEMPT END ===

[2026-04-23 11:21:30] === LOGIN ATTEMPT START ===
[2026-04-23 11:21:30] POST data: Array
(
    [emailOrUsername] => shomai_04
    [password] => 111111
)

[2026-04-23 11:21:30] Attempting login for: shomai_04
[2026-04-23 11:21:30] Checking admin table...
[2026-04-23 11:21:30] Admin query result: Not found
[2026-04-23 11:21:30] Checking users table...
[2026-04-23 11:21:30] User query rows found: 1
[2026-04-23 11:21:30] User found: edriansedrikhalili@gmail.com, Role: user
[2026-04-23 11:21:30] USER LOGIN SUCCESSFUL for: edriansedrikhalili@gmail.com
[2026-04-23 11:21:30] lg_switch_session_scope('user') called
[2026-04-23 11:21:30] New session ID: 69epjcrhk547kiatig8jbgr35j
[2026-04-23 11:21:30] Redirecting to homepage
[2026-04-23 15:07:36] === LOGIN ATTEMPT START ===
[2026-04-23 15:07:36] POST data: Array
(
)

[2026-04-23 15:07:36] === LOGIN ATTEMPT END ===

[2026-04-23 15:07:46] === LOGIN ATTEMPT START ===
[2026-04-23 15:07:46] POST data: Array
(
    [emailOrUsername] => head@lookgoodframes.com
    [password] => HeadAdmin@2026
)

[2026-04-23 15:07:46] Attempting login for: head@lookgoodframes.com
[2026-04-23 15:07:46] Checking admin table...
[2026-04-23 15:07:46] Admin query result: Found: head@lookgoodframes.com
[2026-04-23 15:07:46] ADMIN LOGIN SUCCESSFUL for: head@lookgoodframes.com
[2026-04-23 15:07:46] lg_switch_session_scope('admin') called
[2026-04-23 15:07:46] New session ID: 5eaqoa8poh6us5sgns47bnqcsp
[2026-04-23 15:07:46] Session written. admin_id=ADM-HEAD-001 position=head
[2026-04-23 15:07:46] Redirecting to admin dashboard
[2026-04-23 15:10:30] === LOGIN ATTEMPT START ===
[2026-04-23 15:10:30] POST data: Array
(
)

[2026-04-23 15:10:30] === LOGIN ATTEMPT END ===

[2026-04-23 15:10:35] === LOGIN ATTEMPT START ===
[2026-04-23 15:10:35] POST data: Array
(
    [emailOrUsername] => edrianhalili@gmail.com
    [password] => 111111
)

[2026-04-23 15:10:35] Attempting login for: edrianhalili@gmail.com
[2026-04-23 15:10:35] Checking admin table...
[2026-04-23 15:10:35] Admin query result: Not found
[2026-04-23 15:10:35] Checking users table...
[2026-04-23 15:10:35] User query rows found: 1
[2026-04-23 15:10:35] User found: edrianhalili@gmail.com, Role: user
[2026-04-23 15:10:35] USER LOGIN SUCCESSFUL for: edrianhalili@gmail.com
[2026-04-23 15:10:35] lg_switch_session_scope('user') called
[2026-04-23 15:10:35] New session ID: fk3qg9448m5lbpgjopo04jullc
[2026-04-23 15:10:35] Redirecting to homepage
[2026-04-23 15:11:04] === LOGIN ATTEMPT START ===
[2026-04-23 15:11:04] POST data: Array
(
)

[2026-04-23 15:11:04] === LOGIN ATTEMPT END ===

[2026-04-23 15:11:15] === LOGIN ATTEMPT START ===
[2026-04-23 15:11:15] POST data: Array
(
    [emailOrUsername] => head@lookgoodframes.com
    [password] => HeadAdmin@2026
)

[2026-04-23 15:11:15] Attempting login for: head@lookgoodframes.com
[2026-04-23 15:11:15] Checking admin table...
[2026-04-23 15:11:15] Admin query result: Found: head@lookgoodframes.com
[2026-04-23 15:11:16] ADMIN LOGIN SUCCESSFUL for: head@lookgoodframes.com
[2026-04-23 15:11:16] lg_switch_session_scope('admin') called
[2026-04-23 15:11:16] New session ID: n3nigh3d40oh0taji9u8tl127k
[2026-04-23 15:11:16] Session written. admin_id=ADM-HEAD-001 position=head
[2026-04-23 15:11:16] Redirecting to admin dashboard
[2026-04-23 15:11:34] === LOGIN ATTEMPT START ===
[2026-04-23 15:11:34] POST data: Array
(
)

[2026-04-23 15:11:34] === LOGIN ATTEMPT END ===

[2026-04-23 15:11:35] === LOGIN ATTEMPT START ===
[2026-04-23 15:11:35] POST data: Array
(
    [emailOrUsername] => edrianhalili@gmail.com
    [password] => 111111
)

[2026-04-23 15:11:35] Attempting login for: edrianhalili@gmail.com
[2026-04-23 15:11:35] Checking admin table...
[2026-04-23 15:11:35] Admin query result: Not found
[2026-04-23 15:11:35] Checking users table...
[2026-04-23 15:11:35] User query rows found: 1
[2026-04-23 15:11:35] User found: edrianhalili@gmail.com, Role: user
[2026-04-23 15:11:35] USER LOGIN SUCCESSFUL for: edrianhalili@gmail.com
[2026-04-23 15:11:35] lg_switch_session_scope('user') called
[2026-04-23 15:11:35] New session ID: 0ucevhi9lfos9a9883eov905br
[2026-04-23 15:11:35] Redirecting to homepage
[2026-04-23 15:14:42] === LOGIN ATTEMPT START ===
[2026-04-23 15:14:42] POST data: Array
(
)

[2026-04-23 15:14:42] === LOGIN ATTEMPT END ===

[2026-04-23 15:15:02] === LOGIN ATTEMPT START ===
[2026-04-23 15:15:02] POST data: Array
(
    [emailOrUsername] => head@lookgoodframes.com
    [password] => HeadAdmin@2026
)

[2026-04-23 15:15:02] Attempting login for: head@lookgoodframes.com
[2026-04-23 15:15:02] Checking admin table...
[2026-04-23 15:15:02] Admin query result: Found: head@lookgoodframes.com
[2026-04-23 15:15:02] ADMIN LOGIN SUCCESSFUL for: head@lookgoodframes.com
[2026-04-23 15:15:02] lg_switch_session_scope('admin') called
[2026-04-23 15:15:02] New session ID: qkkrrst1l2jvjthv0i069ap5ku
[2026-04-23 15:15:02] Session written. admin_id=ADM-HEAD-001 position=head
[2026-04-23 15:15:02] Redirecting to admin dashboard
[2026-04-23 15:17:32] === LOGIN ATTEMPT START ===
[2026-04-23 15:17:32] POST data: Array
(
)

[2026-04-23 15:17:32] === LOGIN ATTEMPT END ===

[2026-04-23 15:23:20] === LOGIN ATTEMPT START ===
[2026-04-23 15:23:20] POST data: Array
(
)

[2026-04-23 15:23:20] === LOGIN ATTEMPT END ===

[2026-04-23 15:23:21] === LOGIN ATTEMPT START ===
[2026-04-23 15:23:21] POST data: Array
(
    [emailOrUsername] => edrianhalili@gmail.com
    [password] => 111111
)

[2026-04-23 15:23:21] Attempting login for: edrianhalili@gmail.com
[2026-04-23 15:23:21] Checking admin table...
[2026-04-23 15:23:21] Admin query result: Not found
[2026-04-23 15:23:21] Checking users table...
[2026-04-23 15:23:21] User query rows found: 1
[2026-04-23 15:23:21] User found: edrianhalili@gmail.com, Role: user
[2026-04-23 15:23:21] USER LOGIN SUCCESSFUL for: edrianhalili@gmail.com
[2026-04-23 15:23:21] lg_switch_session_scope('user') called
[2026-04-23 15:23:21] New session ID: hj76rfdroibsuei2s3ooknpbm2
[2026-04-23 15:23:21] Redirecting to homepage
[2026-04-23 15:24:45] === LOGIN ATTEMPT START ===
[2026-04-23 15:24:45] POST data: Array
(
)

[2026-04-23 15:24:45] === LOGIN ATTEMPT END ===

[2026-04-23 15:24:57] === LOGIN ATTEMPT START ===
[2026-04-23 15:24:57] POST data: Array
(
    [emailOrUsername] => head@lookgoodframes.com
    [password] => HeadAdmin@2026
)

[2026-04-23 15:24:57] Attempting login for: head@lookgoodframes.com
[2026-04-23 15:24:57] Checking admin table...
[2026-04-23 15:24:57] Admin query result: Found: head@lookgoodframes.com
[2026-04-23 15:24:57] ADMIN LOGIN SUCCESSFUL for: head@lookgoodframes.com
[2026-04-23 15:24:57] lg_switch_session_scope('admin') called
[2026-04-23 15:24:57] New session ID: 29n5t8qlofdnh76a45fa2cgbin
[2026-04-23 15:24:57] Session written. admin_id=ADM-HEAD-001 position=head
[2026-04-23 15:24:57] Redirecting to admin dashboard
[2026-04-23 15:25:22] === LOGIN ATTEMPT START ===
[2026-04-23 15:25:22] POST data: Array
(
)

[2026-04-23 15:25:22] === LOGIN ATTEMPT END ===

[2026-04-23 15:25:24] === LOGIN ATTEMPT START ===
[2026-04-23 15:25:24] POST data: Array
(
    [emailOrUsername] => edrianhalili@gmail.com
    [password] => 111111
)

[2026-04-23 15:25:24] Attempting login for: edrianhalili@gmail.com
[2026-04-23 15:25:24] Checking admin table...
[2026-04-23 15:25:24] Admin query result: Not found
[2026-04-23 15:25:24] Checking users table...
[2026-04-23 15:25:24] User query rows found: 1
[2026-04-23 15:25:24] User found: edrianhalili@gmail.com, Role: user
[2026-04-23 15:25:24] USER LOGIN SUCCESSFUL for: edrianhalili@gmail.com
[2026-04-23 15:25:24] lg_switch_session_scope('user') called
[2026-04-23 15:25:24] New session ID: r77lcs16hbdul3vibjkg5uqv35
[2026-04-23 15:25:24] Redirecting to homepage
[2026-04-23 18:26:21] === LOGIN ATTEMPT START ===
[2026-04-23 18:26:21] POST data: Array
(
)

[2026-04-23 18:26:21] === LOGIN ATTEMPT END ===

[2026-04-23 18:27:38] === LOGIN ATTEMPT START ===
[2026-04-23 18:27:38] POST data: Array
(
    [emailOrUsername] => head@lookgoodframes.com
    [password] => HeadAdmin@2026
)

[2026-04-23 18:27:38] Attempting login for: head@lookgoodframes.com
[2026-04-23 18:27:38] Checking admin table...
[2026-04-23 18:27:38] Admin query result: Found: head@lookgoodframes.com
[2026-04-23 18:27:38] ADMIN LOGIN SUCCESSFUL for: head@lookgoodframes.com
[2026-04-23 18:27:38] lg_switch_session_scope('admin') called
[2026-04-23 18:27:38] New session ID: q0vunbu3dqeo19slltb7tpmnmc
[2026-04-23 18:27:38] Session written. admin_id=ADM-HEAD-001 position=head
[2026-04-23 18:27:38] Redirecting to admin dashboard
[2026-04-23 18:28:39] === LOGIN ATTEMPT START ===
[2026-04-23 18:28:39] POST data: Array
(
)

[2026-04-23 18:28:39] === LOGIN ATTEMPT END ===

[2026-04-23 18:28:40] === LOGIN ATTEMPT START ===
[2026-04-23 18:28:40] POST data: Array
(
    [emailOrUsername] => edrianhalili@gmail.com
    [password] => 111111
)

[2026-04-23 18:28:40] Attempting login for: edrianhalili@gmail.com
[2026-04-23 18:28:40] Checking admin table...
[2026-04-23 18:28:40] Admin query result: Not found
[2026-04-23 18:28:40] Checking users table...
[2026-04-23 18:28:40] User query rows found: 1
[2026-04-23 18:28:40] User found: edrianhalili@gmail.com, Role: user
[2026-04-23 18:28:40] USER LOGIN SUCCESSFUL for: edrianhalili@gmail.com
[2026-04-23 18:28:40] lg_switch_session_scope('user') called
[2026-04-23 18:28:40] New session ID: 1so2f4ljagvaurb24ja70bbdrt
[2026-04-23 18:28:40] Redirecting to homepage
[2026-04-23 18:29:00] === LOGIN ATTEMPT START ===
[2026-04-23 18:29:00] POST data: Array
(
)

[2026-04-23 18:29:00] === LOGIN ATTEMPT END ===

[2026-04-23 18:29:02] === LOGIN ATTEMPT START ===
[2026-04-23 18:29:02] POST data: Array
(
    [emailOrUsername] => edrianhalili@gmail.com
    [password] => 111111
)

[2026-04-23 18:29:02] Attempting login for: edrianhalili@gmail.com
[2026-04-23 18:29:02] Checking admin table...
[2026-04-23 18:29:02] Admin query result: Not found
[2026-04-23 18:29:02] Checking users table...
[2026-04-23 18:29:02] User query rows found: 1
[2026-04-23 18:29:02] User found: edrianhalili@gmail.com, Role: user
[2026-04-23 18:29:02] USER LOGIN SUCCESSFUL for: edrianhalili@gmail.com
[2026-04-23 18:29:02] lg_switch_session_scope('user') called
[2026-04-23 18:29:02] New session ID: ie234ce09l7etf32eouostj0cq
[2026-04-23 18:29:02] Redirecting to homepage
[2026-04-23 18:33:26] === LOGIN ATTEMPT START ===
[2026-04-23 18:33:26] POST data: Array
(
)

[2026-04-23 18:33:26] === LOGIN ATTEMPT END ===

[2026-04-23 18:33:30] === LOGIN ATTEMPT START ===
[2026-04-23 18:33:30] POST data: Array
(
    [emailOrUsername] => edrianhalili@gmail.com
    [password] => 111111
)

[2026-04-23 18:33:30] Attempting login for: edrianhalili@gmail.com
[2026-04-23 18:33:30] Checking admin table...
[2026-04-23 18:33:30] Admin query result: Not found
[2026-04-23 18:33:30] Checking users table...
[2026-04-23 18:33:30] User query rows found: 1
[2026-04-23 18:33:30] User found: edrianhalili@gmail.com, Role: user
[2026-04-23 18:33:30] USER LOGIN SUCCESSFUL for: edrianhalili@gmail.com
[2026-04-23 18:33:30] lg_switch_session_scope('user') called
[2026-04-23 18:33:30] New session ID: 3j4tfd4f7js7so728oujk53ll1
[2026-04-23 18:33:30] Redirecting to homepage
[2026-04-23 18:34:47] === LOGIN ATTEMPT START ===
[2026-04-23 18:34:47] POST data: Array
(
)

[2026-04-23 18:34:47] === LOGIN ATTEMPT END ===

[2026-04-23 18:34:55] === LOGIN ATTEMPT START ===
[2026-04-23 18:34:55] POST data: Array
(
    [emailOrUsername] => edrianhalili@gmail.com
    [password] => 111111
)

[2026-04-23 18:34:55] Attempting login for: edrianhalili@gmail.com
[2026-04-23 18:34:55] Checking admin table...
[2026-04-23 18:34:55] Admin query result: Not found
[2026-04-23 18:34:55] Checking users table...
[2026-04-23 18:34:55] User query rows found: 1
[2026-04-23 18:34:55] User found: edrianhalili@gmail.com, Role: user
[2026-04-23 18:34:56] USER LOGIN SUCCESSFUL for: edrianhalili@gmail.com
[2026-04-23 18:34:56] lg_switch_session_scope('user') called
[2026-04-23 18:34:56] New session ID: 3pv7i5ulho67lh155sea77soj7
[2026-04-23 18:34:56] Redirecting to: /lookgood/home/myprofile.php
[2026-04-23 18:53:06] === LOGIN ATTEMPT START ===
[2026-04-23 18:53:06] POST data: Array
(
)

[2026-04-23 18:53:06] === LOGIN ATTEMPT END ===

[2026-04-23 18:53:08] === LOGIN ATTEMPT START ===
[2026-04-23 18:53:08] POST data: Array
(
    [emailOrUsername] => edrianhalili@gmail.com
    [password] => 111111
)

[2026-04-23 18:53:08] Attempting login for: edrianhalili@gmail.com
[2026-04-23 18:53:08] Checking admin table...
[2026-04-23 18:53:08] Admin query result: Not found
[2026-04-23 18:53:08] Checking users table...
[2026-04-23 18:53:08] User query rows found: 1
[2026-04-23 18:53:08] User found: edrianhalili@gmail.com, Role: user
[2026-04-23 18:53:08] USER LOGIN SUCCESSFUL for: edrianhalili@gmail.com
[2026-04-23 18:53:08] lg_switch_session_scope('user') called
[2026-04-23 18:53:08] New session ID: gstj6noddr3r0270q04j6ss5kc
[2026-04-23 18:53:08] Redirecting to homepage
[2026-04-24 02:07:13] === LOGIN ATTEMPT START ===
[2026-04-24 02:07:13] POST data: Array
(
)

[2026-04-24 02:07:13] === LOGIN ATTEMPT END ===

[2026-04-24 02:07:18] === LOGIN ATTEMPT START ===
[2026-04-24 02:07:18] POST data: Array
(
    [emailOrUsername] => edrianhalili@gmail.com
    [password] => 111111
)

[2026-04-24 02:07:18] Attempting login for: edrianhalili@gmail.com
[2026-04-24 02:07:18] Checking admin table...
[2026-04-24 02:07:18] Admin query result: Not found
[2026-04-24 02:07:18] Checking users table...
[2026-04-24 02:07:18] User query rows found: 1
[2026-04-24 02:07:18] User found: edrianhalili@gmail.com, Role: user
[2026-04-24 02:07:18] USER LOGIN SUCCESSFUL for: edrianhalili@gmail.com
[2026-04-24 02:07:18] lg_switch_session_scope('user') called
[2026-04-24 02:07:18] New session ID: 7r7e8ji6f0ta6qdpmssn2livsb
[2026-04-24 02:07:18] Redirecting to homepage
[2026-04-24 02:15:26] === LOGIN ATTEMPT START ===
[2026-04-24 02:15:26] POST data: Array
(
)

[2026-04-24 02:15:26] === LOGIN ATTEMPT END ===

[2026-04-24 02:15:34] === LOGIN ATTEMPT START ===
[2026-04-24 02:15:34] POST data: Array
(
)

[2026-04-24 02:15:34] === LOGIN ATTEMPT END ===

[2026-04-24 02:15:46] === LOGIN ATTEMPT START ===
[2026-04-24 02:15:46] POST data: Array
(
    [emailOrUsername] => shomai_04
    [password] => 111111
)

[2026-04-24 02:15:46] Attempting login for: shomai_04
[2026-04-24 02:15:46] Checking admin table...
[2026-04-24 02:15:46] Admin query result: Not found
[2026-04-24 02:15:46] Checking users table...
[2026-04-24 02:15:46] User query rows found: 1
[2026-04-24 02:15:46] User found: edriansedrikhalili@gmail.com, Role: user
[2026-04-24 02:15:46] USER LOGIN SUCCESSFUL for: edriansedrikhalili@gmail.com
[2026-04-24 02:15:46] lg_switch_session_scope('user') called
[2026-04-24 02:15:46] New session ID: 4t7dve5f3mg8jqn2d9f50cluf2
[2026-04-24 02:15:46] Redirecting to homepage
[2026-04-24 02:15:55] === LOGIN ATTEMPT START ===
[2026-04-24 02:15:55] POST data: Array
(
)

[2026-04-24 02:15:55] === LOGIN ATTEMPT END ===

[2026-04-24 02:16:09] === LOGIN ATTEMPT START ===
[2026-04-24 02:16:09] POST data: Array
(
    [emailOrUsername] => edrianhalili@gmail.com
    [password] => 111111
)

[2026-04-24 02:16:09] Attempting login for: edrianhalili@gmail.com
[2026-04-24 02:16:09] Checking admin table...
[2026-04-24 02:16:09] Admin query result: Not found
[2026-04-24 02:16:09] Checking users table...
[2026-04-24 02:16:09] User query rows found: 1
[2026-04-24 02:16:09] User found: edrianhalili@gmail.com, Role: user
[2026-04-24 02:16:09] USER LOGIN SUCCESSFUL for: edrianhalili@gmail.com
[2026-04-24 02:16:09] lg_switch_session_scope('user') called
[2026-04-24 02:16:09] New session ID: 66fk12tg6i6o4h9r2m6hpovuko
[2026-04-24 02:16:09] Redirecting to homepage
[2026-04-24 02:16:37] === LOGIN ATTEMPT START ===
[2026-04-24 02:16:37] POST data: Array
(
)

[2026-04-24 02:16:37] === LOGIN ATTEMPT END ===

[2026-04-24 02:16:39] === LOGIN ATTEMPT START ===
[2026-04-24 02:16:39] POST data: Array
(
    [emailOrUsername] => edrianhalili@gmail.com
    [password] => 111111
)

[2026-04-24 02:16:39] Attempting login for: edrianhalili@gmail.com
[2026-04-24 02:16:39] Checking admin table...
[2026-04-24 02:16:39] Admin query result: Not found
[2026-04-24 02:16:39] Checking users table...
[2026-04-24 02:16:39] User query rows found: 1
[2026-04-24 02:16:39] User found: edrianhalili@gmail.com, Role: user
[2026-04-24 02:16:39] USER LOGIN SUCCESSFUL for: edrianhalili@gmail.com
[2026-04-24 02:16:39] lg_switch_session_scope('user') called
[2026-04-24 02:16:39] New session ID: lf7hvj5du535mcg8f2o3eia9s6
[2026-04-24 02:16:39] Redirecting to homepage
[2026-04-24 02:36:21] === LOGIN ATTEMPT START ===
[2026-04-24 02:36:21] POST data: Array
(
)

[2026-04-24 02:36:21] === LOGIN ATTEMPT END ===

[2026-04-24 02:36:33] === LOGIN ATTEMPT START ===
[2026-04-24 02:36:33] POST data: Array
(
    [emailOrUsername] => head@lookgoodframes.com
    [password] => HeadAdmin@2026
)

[2026-04-24 02:36:33] Attempting login for: head@lookgoodframes.com
[2026-04-24 02:36:33] Checking admin table...
[2026-04-24 02:36:33] Admin query result: Found: head@lookgoodframes.com
[2026-04-24 02:36:33] ADMIN LOGIN SUCCESSFUL for: head@lookgoodframes.com
[2026-04-24 02:36:33] lg_switch_session_scope('admin') called
[2026-04-24 02:36:33] New session ID: qe8n89sea3g4gmh3p6dn8f5odk
[2026-04-24 02:36:33] Session written. admin_id=ADM-HEAD-001 position=head
[2026-04-24 02:36:33] Redirecting to admin dashboard
[2026-04-24 02:39:05] === LOGIN ATTEMPT START ===
[2026-04-24 02:39:05] POST data: Array
(
)

[2026-04-24 02:39:05] === LOGIN ATTEMPT END ===

[2026-04-24 02:39:24] === LOGIN ATTEMPT START ===
[2026-04-24 02:39:24] POST data: Array
(
    [emailOrUsername] => banned@example.com
    [password] => banned123
)

[2026-04-24 02:39:24] Attempting login for: banned@example.com
[2026-04-24 02:39:24] Banned account detected
[2026-04-24 02:40:32] === LOGIN ATTEMPT START ===
[2026-04-24 02:40:32] POST data: Array
(
)

[2026-04-24 02:40:32] === LOGIN ATTEMPT END ===

[2026-04-24 02:40:34] === LOGIN ATTEMPT START ===
[2026-04-24 02:40:34] POST data: Array
(
    [emailOrUsername] => edrianhalili@gmail.com
    [password] => 111111
)

[2026-04-24 02:40:34] Attempting login for: edrianhalili@gmail.com
[2026-04-24 02:40:34] Checking admin table...
[2026-04-24 02:40:34] Admin query result: Not found
[2026-04-24 02:40:34] Checking users table...
[2026-04-24 02:40:34] User query rows found: 1
[2026-04-24 02:40:34] User found: edrianhalili@gmail.com, Role: user
[2026-04-24 02:40:34] USER LOGIN SUCCESSFUL for: edrianhalili@gmail.com
[2026-04-24 02:40:34] lg_switch_session_scope('user') called
[2026-04-24 02:40:34] New session ID: r6eivc6o7phg2b424s8239d60f
[2026-04-24 02:40:34] Redirecting to homepage
[2026-04-24 02:40:35] === LOGIN ATTEMPT START ===
[2026-04-24 02:40:35] POST data: Array
(
)

[2026-04-24 02:40:35] === LOGIN ATTEMPT END ===

[2026-04-24 02:41:39] === LOGIN ATTEMPT START ===
[2026-04-24 02:41:39] POST data: Array
(
    [emailOrUsername] => edrianhalili@gmail.com
    [password] => 111111
)

[2026-04-24 02:41:39] Attempting login for: edrianhalili@gmail.com
[2026-04-24 02:41:39] Checking admin table...
[2026-04-24 02:41:39] Admin query result: Not found
[2026-04-24 02:41:39] Checking users table...
[2026-04-24 02:41:39] User query rows found: 1
[2026-04-24 02:41:39] User found: edrianhalili@gmail.com, Role: user
[2026-04-24 02:41:39] USER LOGIN SUCCESSFUL for: edrianhalili@gmail.com
[2026-04-24 02:41:39] lg_switch_session_scope('user') called
[2026-04-24 02:41:39] New session ID: tvs2n6ekru508uqusrpcn051ns
[2026-04-24 02:41:39] Redirecting to homepage
[2026-04-24 02:47:39] === LOGIN ATTEMPT START ===
[2026-04-24 02:47:39] POST data: Array
(
)

[2026-04-24 02:47:39] === LOGIN ATTEMPT END ===

[2026-04-24 02:47:49] === LOGIN ATTEMPT START ===
[2026-04-24 02:47:49] POST data: Array
(
    [emailOrUsername] => head@lookgoodframes.com
    [password] => HeadAdmin@2026
)

[2026-04-24 02:47:49] Attempting login for: head@lookgoodframes.com
[2026-04-24 02:47:49] Checking admin table...
[2026-04-24 02:47:49] Admin query result: Found: head@lookgoodframes.com
[2026-04-24 02:47:49] ADMIN LOGIN SUCCESSFUL for: head@lookgoodframes.com
[2026-04-24 02:47:49] lg_switch_session_scope('admin') called
[2026-04-24 02:47:49] New session ID: 2ga0uoo2munnl6s8piutciov9c
[2026-04-24 02:47:49] Session written. admin_id=ADM-HEAD-001 position=head
[2026-04-24 02:47:49] Redirecting to admin dashboard
[2026-04-24 02:56:57] === LOGIN ATTEMPT START ===
[2026-04-24 02:56:57] POST data: Array
(
)

[2026-04-24 02:56:57] === LOGIN ATTEMPT END ===

[2026-04-24 02:56:58] === LOGIN ATTEMPT START ===
[2026-04-24 02:56:58] POST data: Array
(
    [emailOrUsername] => edrianhalili@gmail.com
    [password] => 111111
)

[2026-04-24 02:56:58] Attempting login for: edrianhalili@gmail.com
[2026-04-24 02:56:58] Checking admin table...
[2026-04-24 02:56:58] Admin query result: Not found
[2026-04-24 02:56:58] Checking users table...
[2026-04-24 02:56:58] User query rows found: 1
[2026-04-24 02:56:58] User found: edrianhalili@gmail.com, Role: user
[2026-04-24 02:56:58] USER LOGIN SUCCESSFUL for: edrianhalili@gmail.com
[2026-04-24 02:56:58] lg_switch_session_scope('user') called
[2026-04-24 02:56:58] New session ID: jubrpt25tuqikmmgi0uf6o27dr
[2026-04-24 02:56:58] Redirecting to homepage
[2026-04-24 02:59:45] === LOGIN ATTEMPT START ===
[2026-04-24 02:59:45] POST data: Array
(
)

[2026-04-24 02:59:45] === LOGIN ATTEMPT END ===

[2026-04-24 02:59:47] === LOGIN ATTEMPT START ===
[2026-04-24 02:59:47] POST data: Array
(
    [emailOrUsername] => edrianhalili@gmail.com
    [password] => 111111
)

[2026-04-24 02:59:47] Attempting login for: edrianhalili@gmail.com
[2026-04-24 02:59:47] Checking admin table...
[2026-04-24 02:59:47] Admin query result: Not found
[2026-04-24 02:59:47] Checking users table...
[2026-04-24 02:59:47] User query rows found: 1
[2026-04-24 02:59:47] User found: edrianhalili@gmail.com, Role: user
[2026-04-24 02:59:47] Banned account login attempt: edrianhalili@gmail.com
[2026-04-24 03:04:16] === LOGIN ATTEMPT START ===
[2026-04-24 03:04:16] POST data: Array
(
)

[2026-04-24 03:04:16] === LOGIN ATTEMPT END ===

[2026-04-24 03:04:18] === LOGIN ATTEMPT START ===
[2026-04-24 03:04:18] POST data: Array
(
    [emailOrUsername] => edrianhalili@gmail.com
    [password] => 111111
)

[2026-04-24 03:04:18] Attempting login for: edrianhalili@gmail.com
[2026-04-24 03:04:18] Checking admin table...
[2026-04-24 03:04:18] Admin query result: Not found
[2026-04-24 03:04:18] Checking users table...
[2026-04-24 03:04:18] User query rows found: 1
[2026-04-24 03:04:18] User found: edrianhalili@gmail.com, Role: user
[2026-04-24 03:04:18] Banned account login attempt: edrianhalili@gmail.com
[2026-04-24 03:04:20] === LOGIN ATTEMPT START ===
[2026-04-24 03:04:20] POST data: Array
(
)

[2026-04-24 03:04:20] === LOGIN ATTEMPT END ===

[2026-04-24 03:14:16] === LOGIN ATTEMPT START ===
[2026-04-24 03:14:16] POST data: Array
(
    [emailOrUsername] => head@lookgoodframes.com
    [password] => HeadAdmin@2026
)

[2026-04-24 03:14:16] Attempting login for: head@lookgoodframes.com
[2026-04-24 03:14:16] Checking admin table...
[2026-04-24 03:14:16] Admin query result: Found: head@lookgoodframes.com
[2026-04-24 03:14:16] ADMIN LOGIN SUCCESSFUL for: head@lookgoodframes.com
[2026-04-24 03:14:16] lg_switch_session_scope('admin') called
[2026-04-24 03:14:16] New session ID: 2n8uih6s7r86asvop8qjdhd2hk
[2026-04-24 03:14:16] Session written. admin_id=ADM-HEAD-001 position=head
[2026-04-24 03:14:16] Redirecting to admin dashboard
[2026-04-24 03:31:01] === LOGIN ATTEMPT START ===
[2026-04-24 03:31:01] POST data: Array
(
)

[2026-04-24 03:31:01] === LOGIN ATTEMPT END ===

[2026-04-24 03:31:09] === LOGIN ATTEMPT START ===
[2026-04-24 03:31:09] POST data: Array
(
    [emailOrUsername] => inventory@lookgoodframes.com
    [password] => InvAdmin@2026
)

[2026-04-24 03:31:09] Attempting login for: inventory@lookgoodframes.com
[2026-04-24 03:31:09] Checking admin table...
[2026-04-24 03:31:09] Admin query result: Found: inventory@lookgoodframes.com
[2026-04-24 03:31:09] ADMIN LOGIN SUCCESSFUL for: inventory@lookgoodframes.com
[2026-04-24 03:31:09] lg_switch_session_scope('admin') called
[2026-04-24 03:31:09] New session ID: f5g3tv1u31rga9agokef8qvv9f
[2026-04-24 03:31:09] Session written. admin_id=ADM-INV-001 position=inventory_orderAdmin
[2026-04-24 03:31:09] Redirecting to admin dashboard
[2026-04-24 03:38:19] === LOGIN ATTEMPT START ===
[2026-04-24 03:38:19] POST data: Array
(
)

[2026-04-24 03:38:19] === LOGIN ATTEMPT END ===

[2026-04-24 03:38:20] === LOGIN ATTEMPT START ===
[2026-04-24 03:38:20] POST data: Array
(
    [emailOrUsername] => inventory@lookgoodframes.com
    [password] => InvAdmin@2026
)

[2026-04-24 03:38:20] Attempting login for: inventory@lookgoodframes.com
[2026-04-24 03:38:20] Checking admin table...
[2026-04-24 03:38:20] Admin query result: Found: inventory@lookgoodframes.com
[2026-04-24 03:38:20] ADMIN LOGIN SUCCESSFUL for: inventory@lookgoodframes.com
[2026-04-24 03:38:20] lg_switch_session_scope('admin') called
[2026-04-24 03:38:20] New session ID: icgp0r6qflh9qui9lsoderl5d4
[2026-04-24 03:38:20] Session written. admin_id=ADM-INV-001 position=inventory_orderAdmin
[2026-04-24 03:38:20] Redirecting to admin dashboard
[2026-04-24 03:48:47] === LOGIN ATTEMPT START ===
[2026-04-24 03:48:47] POST data: Array
(
)

[2026-04-24 03:48:47] === LOGIN ATTEMPT END ===

[2026-04-24 03:49:06] === LOGIN ATTEMPT START ===
[2026-04-24 03:49:06] POST data: Array
(
    [emailOrUsername] => head@lookgoodframes.com
    [password] => HeadAdmin@2026
)

[2026-04-24 03:49:06] Attempting login for: head@lookgoodframes.com
[2026-04-24 03:49:06] Checking admin table...
[2026-04-24 03:49:06] Admin query result: Found: head@lookgoodframes.com
[2026-04-24 03:49:06] ADMIN LOGIN SUCCESSFUL for: head@lookgoodframes.com
[2026-04-24 03:49:06] lg_switch_session_scope('admin') called
[2026-04-24 03:49:06] New session ID: qm3er3ohchquv5mi631glkbt3l
[2026-04-24 03:49:06] Session written. admin_id=ADM-HEAD-001 position=head
[2026-04-24 03:49:06] Redirecting to admin dashboard
